SEGMENT_ID,HIGHWAY_NUMBER,REGION,SEGMENT_LENGTH_KM,LANE_COUNT,SURFACE_TYPE,CONDITION_INDEX,LAST_INSPECTION_DATE,TRAFFIC_VOLUME_DAILY,ACCIDENT_COUNT_ANNUAL,SPEED_LIMIT,WINTER_MAINTENANCE_PRIORITY,BRIDGE_COUNT,CULVERT_COUNT,REHABILITATION_YEAR,ESTIMATED_REPLACEMENT_COST,LAST_UPDATED
SEG_00436,417,Northern,33.2,4,Composite,6.9,2025-11-08,24671,0,100,C,3,8,2016,576963.0,2026-04-01
SEG_00466,11,Durham,37.0,6,Concrete,3.5,2026-05-09,157864,25,40,D,5,6,2024,46093337.0,2026-03-02
SEG_00067,11,GTA,23.8,4,Concrete,3.3,2024-08-09,193793,34,100,D,3,4,2025,12870203.0,2026-05-18
SEG_00181,400,Niagara,48.4,7,Asphalt,3.3,2025-06-09,70912,43,100,C,5,5,2019,13189779.0,2026-06-15
SEG_00177,11,Ottawa,44.8,5,Asphalt,9.6,2024-04-11,74700,14,50,D,3,7,2018,33576298.0,2026-05-22
SEG_00376,69,Durham,40.4,2,Asphalt,7.2,2025-06-18,151122,4,40,C,4,2,2024,5474037.0,2026-05-25
SEG_00145,417,Central,9.7,8,Concrete,4.2,2025-03-24,44394,39,60,B,5,3,2015,34589333.0,2026-02-26
SEG_00463,400,Central,4.7,8,Concrete,2.6,2023-01-23,132318,31,50,C,5,10,2024,46866055.0,2026-04-12
SEG_00080,403,Eastern,2.5,6,Composite,8.1,2024-11-16,136764,50,100,B,2,0,2030,4653358.0,2026-02-18
SEG_00103,11,Central,30.2,5,Gravel,2.2,2024-03-19,95700,48,80,D,2,9,2021,4145347.0,2026-06-04
SEG_00045,69,Hamilton,3.2,5,Gravel,6.8,2024-07-28,10856,39,50,D,5,0,2020,15264025.0,2026-01-09
SEG_00039,401,Waterloo,22.2,2,Concrete,3.9,2025-03-09,38266,13,80,C,0,6,2021,25721221.0,2026-02-22
SEG_00218,400,Central,24.4,5,Asphalt,7.9,2025-06-20,109305,30,40,B,0,0,2016,35154944.0,2026-01-31
SEG_00058,401,Northern,24.8,5,Composite,7.9,2024-02-20,134545,25,80,B,4,3,2021,34027029.0,2026-06-20
SEG_00184,7,Niagara,17.5,6,Asphalt,8.1,2023-09-25,134092,17,100,C,5,5,2016,44678807.0,2026-04-21
SEG_00128,410,Eastern,40.8,7,Composite,5.0,2025-06-22,59214,35,60,A,0,0,2029,10091062.0,2026-03-20
SEG_00076,11,Southwestern,39.2,5,Gravel,7.8,2023-07-10,129154,7,50,B,4,6,2021,44196927.0,2026-07-17
SEG_00258,17,Central,25.4,7,Gravel,6.2,2026-06-24,137751,9,100,A,1,2,2017,21523268.0,2026-01-30
SEG_00347,7,Northern,45.5,3,Concrete,8.0,2026-03-09,68563,42,40,C,3,0,2015,42168579.0,2026-05-22
SEG_00334,410,Ottawa,26.4,8,Asphalt,4.0,2025-07-20,190618,31,60,A,2,1,2018,30958142.0,2026-03-25
SEG_00004,QEW,Durham,11.3,3,Composite,6.4,2023-10-08,190456,12,100,D,3,8,2030,33562374.0,2026-05-29
SEG_00108,417,Eastern,37.8,7,Composite,5.6,2026-01-23,15942,35,110,B,5,3,2016,36274731.0,2026-04-01
SEG_00075,403,Eastern,25.8,3,Gravel,1.7,2023-11-25,168405,23,80,B,3,4,2030,46662089.0,2026-02-06
SEG_00222,417,Ottawa,25.8,7,Asphalt,7.7,2025-10-18,184072,3,100,D,5,3,2029,3470434.0,2026-04-08
SEG_00038,QEW,Southwestern,6.4,4,Concrete,5.0,2023-02-06,139287,48,80,A,1,2,2024,445804.0,2026-07-18
SEG_00437,11,Hamilton,45.3,2,Composite,2.7,2024-05-05,72870,31,60,C,4,0,2015,42501331.0,2026-02-07
SEG_00313,401,Southwestern,40.6,5,Concrete,4.7,2023-01-31,142353,35,80,A,0,6,2015,23998984.0,2026-02-04
SEG_00093,404,Durham,38.7,8,Composite,1.3,2026-06-18,191982,50,60,B,5,0,2018,37488496.0,2026-06-12
SEG_00398,407,Waterloo,49.1,8,Asphalt,9.2,2023-07-08,190551,50,100,D,0,0,2018,9164443.0,2026-04-18
SEG_00375,17,Hamilton,20.2,6,Asphalt,6.0,2023-12-05,138225,44,110,B,5,1,2015,34776972.0,2026-01-26
SEG_00294,404,Waterloo,37.1,7,Asphalt,1.1,2024-05-10,85051,30,60,A,1,3,2017,16486030.0,2026-06-18
SEG_00255,QEW,GTA,24.6,3,Asphalt,1.7,2026-07-20,163138,11,100,D,5,10,2019,30707059.0,2026-03-05
SEG_00500,401,GTA,11.4,2,Composite,2.7,2023-02-18,166733,38,100,C,5,0,2028,10351590.0,2026-07-08
SEG_00461,69,Waterloo,31.5,5,Gravel,7.0,2026-02-25,198868,35,60,D,4,3,2023,13130731.0,2026-01-10
SEG_00225,7,Durham,16.6,5,Asphalt,7.3,2025-12-29,158405,15,40,B,4,3,2017,29042339.0,2026-06-27
SEG_00261,403,Niagara,32.7,2,Concrete,4.1,2026-03-10,69064,43,40,A,1,3,2028,4960152.0,2026-04-19
SEG_00202,400,Eastern,11.4,6,Composite,7.1,2023-01-30,184278,20,110,D,0,5,2028,35188555.0,2026-07-27
SEG_00171,404,Ottawa,7.3,4,Asphalt,4.0,2025-09-04,89979,47,40,A,2,10,2023,6258972.0,2026-04-16
SEG_00289,69,Waterloo,11.4,8,Composite,7.9,2023-06-10,44148,12,50,A,1,7,2026,31568285.0,2026-01-10
SEG_00442,11,Northern,44.5,4,Gravel,5.6,2024-02-23,127732,11,50,D,3,10,2016,32113034.0,2026-03-25
SEG_00187,11,GTA,43.7,7,Gravel,2.8,2025-10-03,112025,41,40,B,0,8,2018,42854712.0,2026-04-23
SEG_00251,17,Northern,48.5,7,Asphalt,7.4,2023-01-09,163603,24,60,B,5,7,2018,19097419.0,2026-02-09
SEG_00361,11,Niagara,28.9,3,Composite,1.4,2024-10-17,166726,13,100,B,2,9,2020,10731863.0,2026-04-11
SEG_00242,11,Southwestern,21.1,5,Concrete,2.8,2025-03-10,127237,4,110,C,3,6,2018,40851575.0,2026-03-01
SEG_00124,69,Waterloo,7.2,5,Concrete,5.7,2023-09-07,188562,43,100,B,5,7,2025,9447020.0,2026-03-13
SEG_00315,403,Central,33.6,4,Concrete,7.3,2023-09-30,67621,4,80,A,3,6,2022,25154789.0,2026-02-17
SEG_00402,404,Waterloo,18.3,2,Composite,7.2,2024-10-14,165159,4,100,C,4,1,2022,7414894.0,2026-06-22
SEG_00493,417,Hamilton,32.5,3,Concrete,3.3,2023-09-13,111282,34,50,D,4,10,2019,19789366.0,2026-03-15
SEG_00450,11,Central,50.0,3,Composite,8.2,2025-09-21,30561,43,110,B,1,0,2021,49367528.0,2026-02-27
SEG_00465,404,Ottawa,0.5,3,Composite,3.2,2024-04-20,101858,5,100,A,1,4,2022,6002217.0,2026-06-03
SEG_00496,401,Hamilton,40.1,3,Concrete,2.5,2024-10-19,15027,6,40,C,1,8,2029,40036501.0,2026-04-10
SEG_00345,404,Durham,7.3,3,Asphalt,5.2,2025-08-13,179715,45,110,D,0,1,2022,8481892.0,2026-04-17
SEG_00372,7,Southwestern,12.0,2,Gravel,6.4,2023-01-29,111257,50,40,C,3,7,2022,8800569.0,2026-02-19
SEG_00211,QEW,GTA,18.8,3,Composite,7.4,2023-08-10,182370,1,60,A,5,10,2026,4735781.0,2026-02-20
SEG_00134,11,GTA,46.1,7,Concrete,5.8,2023-12-14,93255,21,110,A,2,6,2016,36486804.0,2026-04-15
SEG_00048,410,Eastern,48.3,7,Composite,9.1,2024-01-30,60959,6,80,B,2,3,2021,30646063.0,2026-06-13
SEG_00059,11,GTA,7.9,7,Concrete,8.2,2024-03-18,53861,12,60,C,5,6,2015,3180896.0,2026-04-19
SEG_00021,404,GTA,39.4,2,Composite,9.9,2025-11-16,110352,16,100,B,3,9,2019,13269543.0,2026-06-15
SEG_00270,17,Waterloo,35.1,6,Asphalt,5.5,2025-03-09,14822,38,40,C,2,2,2015,19853856.0,2026-02-05
SEG_00327,69,Central,19.5,3,Asphalt,6.2,2023-01-02,98480,44,80,D,5,5,2018,12983010.0,2026-04-28
SEG_00091,417,Hamilton,27.6,6,Asphalt,3.5,2023-12-12,40875,0,100,D,3,8,2023,25659523.0,2026-01-25
SEG_00300,69,GTA,10.1,2,Composite,7.3,2025-11-23,191770,2,50,C,5,1,2028,13146712.0,2026-04-03
SEG_00132,417,Central,47.9,3,Concrete,6.5,2026-04-28,19847,25,40,B,3,10,2021,44415184.0,2026-01-28
SEG_00008,403,Central,33.0,2,Composite,8.0,2024-10-13,52532,30,80,D,5,1,2020,15519397.0,2026-06-06
SEG_00413,403,GTA,35.7,6,Gravel,3.9,2024-11-27,81364,22,100,C,0,4,2017,28073106.0,2026-01-12
SEG_00337,17,Hamilton,41.0,4,Concrete,5.8,2025-08-11,181988,0,100,B,3,8,2021,7856150.0,2026-05-28
SEG_00481,7,GTA,1.5,3,Composite,3.0,2026-07-13,15441,15,50,B,3,1,2021,9219673.0,2026-05-25
SEG_00021,404,Eastern,8.8,3,Gravel,7.1,2024-03-10,166371,50,40,C,4,1,2016,1181660.0,2026-06-04
SEG_00422,401,Southwestern,33.4,8,Gravel,5.6,2023-11-18,54040,1,110,D,0,6,2024,45303723.0,2026-06-27
SEG_00077,QEW,Hamilton,7.7,6,Gravel,5.4,2023-06-05,76914,6,50,D,0,2,2019,28327076.0,2026-03-30
SEG_00340,17,Hamilton,48.3,7,Concrete,9.1,2025-02-10,88334,21,100,A,1,7,2027,40077296.0,2026-01-30
SEG_00457,69,Niagara,25.5,6,Asphalt,6.0,2025-12-05,160717,7,80,B,4,6,2023,48915126.0,2026-04-05
SEG_00178,401,Durham,26.0,2,Gravel,7.1,2023-05-12,52490,15,50,B,4,1,2017,31370588.0,2026-01-19
SEG_00032,QEW,Eastern,3.3,4,Gravel,6.9,2024-09-08,29313,40,50,A,3,1,2023,40125805.0,2026-03-11
SEG_00086,401,Eastern,30.6,8,Gravel,2.3,2024-05-30,93007,32,100,B,1,7,2016,36819313.0,2026-05-07
SEG_00113,407,Eastern,47.7,3,Concrete,5.4,2023-11-16,35174,8,40,B,4,0,2029,19121703.0,2026-04-25
SEG_00083,410,Southwestern,48.9,7,Gravel,6.3,2025-06-20,156199,10,50,A,1,5,2018,49436142.0,2026-04-02
SEG_00455,7,Niagara,6.7,5,Gravel,7.7,2024-06-14,7749,39,80,A,3,8,2027,9410805.0,2026-04-23
SEG_00330,QEW,Central,31.5,4,Concrete,3.5,2026-02-19,34510,1,80,B,2,1,2015,13323619.0,2026-03-06
SEG_00402,17,Niagara,26.9,4,Composite,8.2,2026-02-14,104736,1,110,A,2,2,2029,12988469.0,2026-05-25
SEG_00285,417,Ottawa,12.4,3,Composite,1.2,2026-02-23,181756,1,60,A,2,5,2016,20331427.0,2026-05-04
SEG_00118,417,Eastern,8.9,7,Gravel,7.4,2024-01-13,4710,13,80,D,3,1,2023,26043396.0,2026-01-09
SEG_00036,69,Niagara,32.5,4,Composite,4.8,2025-10-25,184444,20,80,D,3,3,2017,33009339.0,2026-07-20
SEG_00146,401,Niagara,14.7,5,Asphalt,4.7,2024-12-15,170334,30,40,B,5,2,2023,14727252.0,2026-05-20
SEG_00069,QEW,Durham,18.5,8,Composite,5.6,2023-05-26,124550,17,100,B,3,6,2018,43776108.0,2026-01-15
SEG_00037,407,Waterloo,27.4,8,Concrete,9.0,2023-01-11,39634,11,60,A,3,8,2025,20434421.0,2026-01-27
SEG_00407,7,Central,4.3,5,Concrete,8.1,2023-11-11,95587,20,60,B,4,10,2024,3689271.0,2026-07-13
SEG_00004,410,Northern,45.4,5,Concrete,7.9,2023-06-16,71773,46,80,B,0,2,2024,31914099.0,2026-07-30
SEG_00106,17,Northern,1.4,3,Asphalt,7.3,2025-08-12,57782,34,110,A,1,10,2019,48922112.0,2026-07-22
SEG_00255,7,Niagara,28.5,3,Concrete,3.0,2023-03-16,11829,15,110,A,4,1,2015,40026137.0,2026-02-10
SEG_00218,17,Central,14.6,2,Gravel,4.4,2025-05-27,28148,24,110,C,3,2,2025,48484887.0,2026-06-09
SEG_00121,7,Southwestern,9.1,4,Asphalt,1.3,2025-12-03,126942,43,100,A,3,4,2020,46079301.0,2026-05-01
SEG_00188,403,Central,19.1,8,Concrete,9.2,2024-02-12,186598,33,110,A,1,1,2015,21134606.0,2026-07-31
SEG_00047,404,GTA,47.1,6,Composite,4.5,2023-12-03,156044,0,80,B,5,4,2030,35068868.0,2026-01-31
SEG_00340,69,Eastern,20.4,8,Gravel,2.4,2025-09-02,109039,17,50,D,2,9,2021,28535853.0,2026-06-14
SEG_00226,401,Eastern,6.9,7,Composite,4.0,2024-05-06,193240,47,50,C,3,3,2027,41752802.0,2026-01-13
SEG_00192,400,Durham,40.4,7,Gravel,1.4,2025-12-01,81643,19,50,C,0,0,2028,34392207.0,2026-03-04
SEG_00342,7,Central,27.7,4,Asphalt,2.4,2026-05-22,161597,1,80,C,0,0,2017,16791565.0,2026-06-13
SEG_00311,410,Durham,30.5,7,Composite,4.9,2023-05-01,157788,21,80,B,2,9,2021,32774146.0,2026-07-09
SEG_00293,11,Central,20.3,5,Concrete,5.3,2024-07-30,61704,34,40,C,5,10,2016,32244819.0,2026-02-19
SEG_00229,417,Niagara,18.7,2,Composite,5.6,2024-09-16,64974,16,100,B,4,3,2023,37380053.0,2026-07-02
SEG_00270,404,GTA,11.6,2,Concrete,4.0,2026-02-19,199242,47,60,C,5,4,2022,49240931.0,2026-07-18
SEG_00473,69,Eastern,24.7,4,Concrete,9.4,2023-05-04,34206,42,110,B,4,1,2016,25689584.0,2026-05-22
SEG_00460,17,Southwestern,12.2,8,Concrete,2.6,2026-07-04,24998,49,110,B,1,1,2022,32614278.0,2026-05-28
SEG_00484,401,GTA,31.9,8,Composite,4.3,2025-09-13,147706,39,80,B,4,8,2024,48444172.0,2026-05-10
SEG_00349,401,Central,46.4,6,Composite,6.0,2026-05-26,66845,9,40,D,5,10,2020,21096219.0,2026-06-10
SEG_00019,7,Northern,5.4,7,Gravel,6.5,2023-12-17,149380,46,110,B,5,3,2018,42456992.0,2026-04-28
SEG_00439,7,Southwestern,20.7,7,Gravel,4.4,2023-07-28,116915,45,40,B,1,2,2030,10539441.0,2026-05-23
SEG_00475,403,Hamilton,49.3,7,Composite,9.2,2024-07-14,22946,15,100,D,1,1,2030,45713174.0,2026-01-02
SEG_00193,QEW,Central,21.8,4,Asphalt,3.6,2025-11-10,83397,34,60,C,5,2,2018,3588048.0,2026-06-08
SEG_00424,407,Southwestern,10.7,4,Gravel,1.2,2025-06-13,42945,45,40,D,2,8,2017,29752596.0,2026-07-27
SEG_00313,417,GTA,24.8,5,Asphalt,7.6,2024-12-27,110594,22,40,A,3,3,2026,36810686.0,2026-03-05
SEG_00036,11,Niagara,38.2,8,Gravel,5.1,2023-02-03,145508,6,60,C,0,8,2019,49502463.0,2026-02-25
SEG_00499,QEW,Durham,49.2,6,Gravel,7.9,2025-02-12,54429,44,60,B,1,5,2028,41955596.0,2026-03-29
SEG_00278,11,Waterloo,11.1,8,Asphalt,5.0,2024-03-07,9464,37,40,A,5,9,2017,11298973.0,2026-03-19
SEG_00421,417,Durham,34.0,2,Asphalt,7.1,2025-04-27,164474,5,60,C,2,2,2028,2918495.0,2026-04-22
SEG_00252,417,Ottawa,17.2,6,Asphalt,6.3,2024-05-19,24379,42,40,C,1,4,2029,13856532.0,2026-03-25
SEG_00318,401,Eastern,5.1,8,Concrete,5.6,2023-07-09,47692,35,110,D,0,4,2015,29249494.0,2026-03-19
SEG_00283,11,Durham,17.1,8,Gravel,4.2,2024-09-21,151130,37,100,C,3,3,2016,33153342.0,2026-02-16
SEG_00183,407,Southwestern,13.9,6,Composite,6.6,2023-07-05,159194,30,80,C,2,10,2025,18988545.0,2026-05-04
SEG_00389,QEW,Waterloo,13.0,2,Gravel,6.1,2023-02-18,154310,0,100,C,4,4,2024,12648114.0,2026-07-29
SEG_00475,400,Central,21.9,4,Gravel,7.9,2026-06-15,130304,7,80,A,4,2,2022,48677257.0,2026-02-01
SEG_00100,17,GTA,2.5,6,Asphalt,7.6,2025-01-17,184368,8,80,D,5,8,2030,39007359.0,2026-02-13
SEG_00065,417,Durham,32.7,4,Asphalt,9.1,2025-09-20,124576,8,50,C,4,9,2016,35127809.0,2026-04-08
SEG_00341,403,Ottawa,28.3,6,Concrete,9.6,2024-09-05,8199,41,80,D,4,6,2025,33686522.0,2026-05-22
SEG_00403,417,Eastern,43.1,4,Gravel,5.8,2026-06-29,83322,17,100,D,3,1,2027,1033010.0,2026-06-09
SEG_00011,417,Southwestern,23.9,8,Concrete,8.6,2023-10-20,34333,44,110,A,1,1,2025,16670556.0,2026-06-26
SEG_00290,400,Northern,9.9,2,Composite,9.5,2024-12-25,2003,16,110,A,3,8,2024,7493243.0,2026-01-14
SEG_00129,400,Durham,33.2,7,Composite,4.2,2024-05-02,108597,22,100,D,2,3,2020,8303509.0,2026-07-31
SEG_00153,11,GTA,45.3,5,Concrete,4.4,2024-11-20,79495,29,40,C,0,8,2016,20432049.0,2026-05-31
SEG_00420,403,Durham,8.8,6,Concrete,8.3,2025-04-04,114522,49,60,D,1,1,2020,30996316.0,2026-05-30
SEG_00323,11,Southwestern,41.1,4,Asphalt,5.3,2026-02-14,69702,42,100,A,1,9,2027,18204145.0,2026-01-21
SEG_00247,417,Ottawa,38.1,2,Gravel,2.9,2023-01-11,42721,32,110,B,5,0,2027,31451813.0,2026-06-12
SEG_00266,417,Northern,34.7,3,Asphalt,2.2,2025-08-04,91126,34,60,B,0,10,2020,49152063.0,2026-03-11
SEG_00058,407,Ottawa,11.8,8,Composite,6.3,2024-06-11,95964,45,60,D,2,3,2030,37217500.0,2026-05-16
SEG_00359,69,Ottawa,20.5,4,Composite,6.6,2024-09-19,43681,31,80,C,5,5,2017,14916218.0,2026-04-08
SEG_00365,401,Northern,33.4,8,Gravel,8.8,2025-03-20,94080,32,40,D,4,2,2018,19627667.0,2026-07-02
SEG_00057,404,Central,46.7,3,Composite,8.5,2023-11-01,93214,39,40,C,5,10,2024,10103918.0,2026-05-29
SEG_00244,407,Durham,37.2,2,Composite,5.0,2023-01-13,182629,2,80,A,5,8,2023,38542130.0,2026-02-27
SEG_00151,410,Ottawa,24.8,7,Concrete,6.1,2025-12-30,128132,28,110,B,4,1,2024,13021293.0,2026-04-24
SEG_00465,417,Niagara,37.9,5,Composite,2.3,2025-11-08,103384,18,110,A,5,9,2021,41340892.0,2026-02-11
SEG_00121,407,Waterloo,37.6,5,Asphalt,8.1,2023-10-23,42470,16,40,A,4,10,2022,7193746.0,2026-03-29
SEG_00495,403,Niagara,17.2,8,Concrete,5.7,2023-03-06,139806,35,80,D,5,4,2030,14990127.0,2026-03-17
SEG_00217,410,Waterloo,47.5,4,Concrete,1.5,2025-06-11,159308,33,110,C,4,8,2029,40544616.0,2026-02-24
SEG_00268,401,Ottawa,48.8,6,Gravel,3.5,2026-05-15,182325,40,50,B,1,6,2025,45627482.0,2026-07-07
SEG_00019,7,Ottawa,48.5,4,Concrete,3.3,2023-08-29,55888,2,110,A,3,7,2020,16601908.0,2026-04-30
SEG_00498,404,Waterloo,10.2,7,Concrete,4.9,2023-07-15,197037,22,110,D,1,3,2030,2584689.0,2026-05-04
SEG_00343,400,Eastern,10.6,6,Concrete,9.5,2024-06-28,181475,36,110,C,3,2,2027,18342939.0,2026-01-01
SEG_00058,17,Durham,27.4,2,Gravel,3.2,2024-07-04,96874,10,60,C,1,6,2020,45481387.0,2026-06-30
SEG_00430,403,Durham,1.9,3,Composite,4.3,2023-06-19,68924,6,40,C,5,8,2030,8208881.0,2026-03-10
SEG_00089,11,GTA,38.5,4,Concrete,3.0,2025-11-24,192540,40,100,B,3,5,2027,8693495.0,2026-02-19
SEG_00062,11,Eastern,29.4,3,Asphalt,1.6,2023-04-20,167681,44,60,A,1,1,2025,1215776.0,2026-07-23
SEG_00279,407,Waterloo,28.3,3,Asphalt,3.8,2025-02-01,32079,11,100,C,5,10,2020,45791265.0,2026-04-15
SEG_00214,11,Ottawa,29.2,6,Composite,2.5,2025-04-27,68354,0,60,B,4,2,2028,16570870.0,2026-07-10
SEG_00023,17,Waterloo,12.2,8,Gravel,5.7,2025-12-10,38881,30,40,C,3,10,2030,2847498.0,2026-05-07
SEG_00443,17,Northern,22.6,8,Composite,3.8,2024-08-17,15636,4,50,A,3,1,2015,42974158.0,2026-01-05
SEG_00348,417,Central,17.5,6,Gravel,9.3,2025-02-24,151212,41,60,B,5,2,2017,26734963.0,2026-01-21
SEG_00116,407,Ottawa,48.4,4,Composite,1.2,2025-12-17,21406,10,50,D,1,10,2024,18100952.0,2026-04-26
SEG_00435,69,Niagara,3.9,5,Gravel,8.7,2025-11-26,130240,8,100,A,0,8,2021,29581280.0,2026-07-08
SEG_00320,404,Southwestern,35.5,7,Gravel,7.2,2024-01-17,158267,44,100,B,1,3,2025,10034368.0,2026-03-09
SEG_00121,7,Niagara,4.8,2,Concrete,2.5,2024-01-05,86257,26,60,B,3,8,2023,10905294.0,2026-01-19
SEG_00353,417,Southwestern,2.3,7,Asphalt,2.1,2024-06-02,92621,7,40,C,2,1,2029,36609167.0,2026-07-24
SEG_00332,410,Hamilton,17.0,8,Gravel,2.0,2025-06-09,98525,40,80,A,4,2,2019,8469730.0,2026-06-22
SEG_00277,401,GTA,24.5,3,Composite,5.5,2024-04-12,50521,38,40,B,1,2,2024,19177757.0,2026-02-10
SEG_00244,401,Durham,6.3,2,Asphalt,1.5,2025-08-23,26777,44,80,A,3,0,2030,30754427.0,2026-07-11
SEG_00471,17,Eastern,35.7,6,Composite,7.9,2023-02-14,35742,46,100,D,3,7,2030,48315845.0,2026-04-14
SEG_00241,410,GTA,35.8,5,Composite,3.9,2024-04-21,168383,38,60,B,3,4,2025,249651.0,2026-04-09
SEG_00110,69,Central,10.2,3,Gravel,2.8,2024-06-19,84948,29,40,A,3,3,2030,32514474.0,2026-01-15
SEG_00451,17,Eastern,28.9,4,Gravel,9.1,2025-10-23,52872,11,110,C,4,2,2021,40528442.0,2026-04-25
SEG_00294,400,Durham,8.5,2,Concrete,5.0,2026-04-27,54582,36,60,A,2,6,2019,22467752.0,2026-01-12
SEG_00086,7,GTA,34.3,3,Asphalt,9.7,2025-04-05,62703,32,40,D,3,8,2017,23806257.0,2026-01-06
SEG_00408,404,Ottawa,13.2,4,Asphalt,5.5,2026-04-10,23969,27,100,D,3,10,2027,24589642.0,2026-07-09
SEG_00118,403,Central,45.2,5,Concrete,8.2,2023-10-26,182790,33,100,B,1,10,2030,3315010.0,2026-01-11
SEG_00202,400,Eastern,30.4,8,Gravel,6.4,2024-10-09,146190,13,100,A,4,0,2030,11734567.0,2026-02-04
SEG_00025,11,Waterloo,28.3,2,Composite,1.7,2024-05-27,140254,34,110,C,5,10,2028,21198889.0,2026-04-20
SEG_00045,403,Southwestern,35.4,4,Composite,5.5,2025-02-11,7846,39,60,D,2,2,2021,33324198.0,2026-04-08
SEG_00466,410,Southwestern,42.1,7,Composite,3.0,2026-03-07,99527,0,110,D,4,5,2019,38943559.0,2026-04-03
SEG_00458,410,Northern,4.2,8,Concrete,7.7,2025-07-23,134195,23,40,B,2,9,2015,2244033.0,2026-05-03
SEG_00476,401,GTA,30.0,5,Concrete,5.6,2024-06-09,22000,31,50,D,1,8,2016,17030429.0,2026-06-24
SEG_00463,69,Northern,15.5,6,Asphalt,1.5,2025-04-08,164874,0,80,C,5,7,2018,29704470.0,2026-07-01
SEG_00278,417,Ottawa,22.6,5,Composite,1.3,2024-04-21,161221,40,40,B,1,4,2028,24940687.0,2026-04-14
SEG_00426,410,Durham,4.5,8,Composite,6.2,2024-08-10,132292,37,100,C,2,5,2024,45024256.0,2026-07-24
SEG_00233,69,Waterloo,38.5,7,Gravel,3.0,2023-07-04,82433,4,110,A,1,4,2029,28102132.0,2026-04-25
SEG_00413,407,Waterloo,18.3,5,Composite,2.2,2024-02-21,126215,33,40,A,2,1,2018,4673934.0,2026-01-31
SEG_00264,407,GTA,19.3,3,Gravel,8.0,2023-03-07,166827,32,80,D,5,8,2029,26012724.0,2026-07-23
SEG_00223,7,Waterloo,17.8,7,Gravel,3.9,2025-09-26,6441,41,60,B,1,9,2021,570257.0,2026-02-18
SEG_00214,QEW,Niagara,1.7,6,Concrete,4.9,2026-01-30,198131,11,100,C,0,3,2027,34225543.0,2026-07-26
SEG_00432,7,Eastern,15.3,7,Asphalt,4.7,2025-07-03,60385,43,40,B,5,1,2020,32359172.0,2026-07-19
SEG_00444,11,Niagara,45.9,5,Asphalt,9.3,2024-12-24,35377,28,50,B,5,6,2018,30626085.0,2026-03-12
SEG_00041,401,Northern,12.7,3,Gravel,5.6,2024-03-06,76077,20,50,D,0,6,2019,37370717.0,2026-06-25
SEG_00371,404,Eastern,20.4,4,Concrete,9.4,2024-05-11,158062,0,110,B,4,6,2026,33813372.0,2026-03-19
SEG_00221,403,Ottawa,11.7,3,Composite,8.4,2023-08-13,109793,48,100,C,4,5,2025,32797843.0,2026-02-28
SEG_00292,400,Eastern,32.1,7,Gravel,5.6,2025-04-19,68491,21,50,C,0,0,2025,49571124.0,2026-02-24
SEG_00359,410,Hamilton,11.1,7,Composite,6.1,2023-09-21,122054,1,80,C,0,5,2020,34374731.0,2026-01-13
SEG_00351,11,Durham,8.9,8,Concrete,9.7,2023-01-25,120122,30,50,C,4,4,2028,31707564.0,2026-05-03
SEG_00424,69,Central,23.7,8,Asphalt,8.3,2023-08-18,137130,35,80,D,4,2,2028,16655768.0,2026-04-06
SEG_00002,17,Central,46.3,6,Concrete,4.1,2026-03-31,167256,14,100,D,0,1,2023,22422300.0,2026-04-29
SEG_00211,17,Niagara,26.1,4,Gravel,8.5,2023-12-26,130479,29,50,B,0,4,2023,15669072.0,2026-06-24
SEG_00105,7,Hamilton,43.3,5,Gravel,7.0,2023-06-30,103365,11,60,C,3,10,2018,48256032.0,2026-02-07
SEG_00298,11,Eastern,7.0,6,Asphalt,3.8,2024-12-06,181891,11,100,B,2,7,2018,29662047.0,2026-01-02
SEG_00371,407,Ottawa,22.9,6,Gravel,2.0,2023-05-15,118552,2,40,A,3,9,2027,34772436.0,2026-04-20
SEG_00263,410,Central,1.6,8,Gravel,3.8,2023-01-19,30465,46,110,D,3,2,2020,40302460.0,2026-07-20
SEG_00449,403,Ottawa,46.6,5,Gravel,3.6,2025-08-14,135629,25,110,C,5,6,2025,45976085.0,2026-05-19
SEG_00044,17,Central,30.9,5,Composite,8.5,2024-08-06,162231,10,80,A,5,5,2027,8602482.0,2026-03-23
SEG_00153,QEW,GTA,22.8,7,Gravel,6.1,2025-10-24,62293,20,50,C,3,8,2015,20228767.0,2026-06-21
SEG_00415,403,Central,41.0,7,Gravel,5.7,2023-06-26,68248,13,40,D,3,9,2022,15276934.0,2026-05-05
SEG_00141,69,Northern,23.4,5,Concrete,4.2,2023-07-31,162768,35,110,D,5,2,2029,27824701.0,2026-02-15
SEG_00301,401,Central,44.7,8,Asphalt,3.6,2024-09-12,84492,29,50,D,2,4,2020,42145804.0,2026-04-01
SEG_00037,404,Ottawa,39.3,2,Asphalt,8.1,2023-01-25,195983,7,40,A,3,1,2028,11023099.0,2026-02-28
SEG_00038,401,Eastern,17.7,8,Composite,5.1,2025-08-23,17406,4,110,B,1,10,2019,45580473.0,2026-03-08
SEG_00078,7,Hamilton,1.0,6,Composite,9.0,2025-02-08,65995,14,50,D,3,2,2015,18609028.0,2026-04-04
SEG_00195,403,Northern,47.3,6,Composite,4.0,2024-11-23,63057,41,100,D,1,8,2016,21087686.0,2026-01-24
SEG_00181,11,Ottawa,19.5,5,Composite,2.0,2023-09-18,141133,22,110,C,5,0,2020,28294397.0,2026-01-10
SEG_00212,403,Durham,30.6,8,Concrete,8.0,2023-03-10,71231,9,60,A,2,9,2030,13341643.0,2026-02-23
SEG_00389,407,Waterloo,23.0,3,Gravel,3.2,2024-08-02,149786,21,50,C,1,10,2025,21602357.0,2026-05-11
SEG_00263,407,Hamilton,34.4,2,Composite,6.8,2023-08-14,122502,25,50,B,3,6,2018,27685025.0,2026-06-16
SEG_00034,410,Ottawa,17.1,4,Composite,2.3,2024-06-26,24479,11,100,C,4,5,2025,39910048.0,2026-06-23
SEG_00108,400,GTA,4.1,6,Concrete,4.6,2025-06-15,104177,1,40,C,4,9,2024,18439271.0,2026-03-31
SEG_00391,401,Niagara,2.0,2,Asphalt,5.2,2026-06-15,73710,39,110,B,4,2,2021,7998641.0,2026-05-22
SEG_00232,401,Central,30.5,7,Gravel,4.2,2025-09-15,30541,31,60,C,5,7,2016,3837727.0,2026-07-15
SEG_00251,7,Durham,5.7,2,Asphalt,7.4,2023-01-26,175370,19,50,B,3,0,2027,45907600.0,2026-07-31
SEG_00314,QEW,Durham,22.6,6,Concrete,6.8,2025-07-23,76444,31,80,B,5,3,2027,22195534.0,2026-04-21
SEG_00046,401,Hamilton,29.5,5,Asphalt,4.7,2025-06-24,113834,24,80,A,2,7,2018,48441638.0,2026-05-13
SEG_00236,401,Durham,39.6,2,Asphalt,5.0,2025-11-17,62260,31,60,D,2,4,2025,29579936.0,2026-04-07
SEG_00044,17,Waterloo,2.9,3,Composite,9.4,2024-05-18,79242,45,80,D,2,8,2025,5831699.0,2026-05-11
SEG_00180,401,Eastern,47.4,3,Composite,9.0,2023-11-27,21358,13,80,D,4,3,2018,4927705.0,2026-05-03
SEG_00403,404,Central,49.1,4,Composite,3.1,2026-03-13,55620,16,80,C,2,0,2021,10345472.0,2026-04-17
SEG_00454,QEW,GTA,8.9,2,Concrete,9.4,2025-10-19,104619,4,40,B,2,2,2021,31358523.0,2026-02-24
SEG_00042,11,GTA,24.9,3,Composite,1.0,2023-03-08,66384,49,110,B,4,9,2024,27450224.0,2026-03-02
SEG_00244,404,Niagara,3.8,2,Asphalt,2.0,2025-05-19,38806,9,80,A,5,8,2017,35120986.0,2026-03-28
SEG_00353,69,Waterloo,47.3,6,Gravel,2.0,2025-06-14,119047,48,80,D,3,4,2025,5629184.0,2026-03-11
SEG_00384,11,Durham,17.5,6,Concrete,5.1,2026-07-20,58971,8,50,D,3,6,2022,44070055.0,2026-06-26
SEG_00208,7,Durham,37.8,3,Asphalt,7.4,2024-07-29,101881,7,110,A,0,6,2025,579854.0,2026-06-30
SEG_00276,403,Central,35.6,3,Composite,6.5,2025-08-02,124840,18,60,D,2,10,2028,37586071.0,2026-03-05
SEG_00402,69,Eastern,17.7,3,Gravel,6.0,2025-06-28,164612,46,60,B,1,3,2028,29637359.0,2026-06-05
SEG_00232,69,Ottawa,22.6,4,Gravel,1.0,2024-04-16,59264,21,80,A,3,7,2019,49499658.0,2026-04-07
SEG_00500,11,Ottawa,19.9,4,Composite,2.6,2023-05-08,90313,40,80,A,2,9,2016,32106989.0,2026-02-26
SEG_00253,410,Northern,46.3,7,Asphalt,7.4,2026-07-14,173329,39,50,A,0,0,2019,19211401.0,2026-06-29
SEG_00129,404,Ottawa,24.5,7,Gravel,9.7,2025-12-27,38720,45,60,B,1,2,2017,48394140.0,2026-01-30
SEG_00496,17,Durham,34.4,8,Asphalt,9.3,2023-10-02,95435,9,40,D,2,3,2024,21787517.0,2026-07-30
SEG_00275,17,Ottawa,25.4,7,Gravel,2.2,2025-01-02,105201,13,80,D,1,8,2015,42454111.0,2026-04-01
SEG_00087,7,Central,43.8,6,Composite,4.1,2026-01-09,100368,20,40,A,1,10,2024,22128120.0,2026-02-13
SEG_00113,403,Eastern,26.1,8,Composite,10.0,2025-05-15,151637,14,100,A,3,8,2019,3410358.0,2026-02-07
SEG_00187,410,Ottawa,43.4,5,Asphalt,6.1,2023-09-07,95951,36,110,B,0,6,2024,30206908.0,2026-02-19
SEG_00371,QEW,Durham,3.5,4,Asphalt,5.2,2023-04-17,172043,1,100,C,5,1,2025,24758986.0,2026-02-06
SEG_00481,401,Waterloo,21.3,6,Concrete,9.5,2023-07-22,177098,0,50,A,0,2,2026,4511607.0,2026-03-23
SEG_00266,403,Eastern,24.1,2,Gravel,6.0,2025-05-31,121700,33,60,B,3,2,2017,31653640.0,2026-06-13
SEG_00309,7,Northern,45.3,8,Asphalt,9.3,2024-11-09,59030,10,40,A,2,9,2022,31729706.0,2026-02-23
SEG_00138,400,Ottawa,33.1,3,Concrete,8.7,2025-08-05,75006,41,80,C,1,6,2026,8058085.0,2026-01-13
SEG_00366,410,Eastern,28.7,4,Asphalt,3.4,2024-11-16,133693,0,60,D,0,9,2020,43653838.0,2026-05-19
SEG_00449,11,Eastern,2.9,6,Composite,4.2,2026-04-23,94460,48,110,A,1,1,2020,44213390.0,2026-04-13
SEG_00422,17,Waterloo,27.5,3,Asphalt,8.4,2025-01-10,77349,10,40,A,1,1,2025,1209353.0,2026-05-09
SEG_00483,400,Ottawa,38.2,5,Asphalt,4.6,2024-06-01,173356,44,40,B,0,10,2023,25216094.0,2026-01-10
SEG_00103,403,Durham,7.8,7,Gravel,9.8,2023-09-16,128354,31,100,A,0,8,2024,45651839.0,2026-05-19
SEG_00459,407,Northern,17.0,5,Concrete,9.0,2023-07-27,5914,35,60,D,2,6,2023,31473942.0,2026-02-16
SEG_00099,403,Southwestern,36.8,8,Gravel,9.1,2024-10-24,67872,5,110,A,1,5,2024,18532137.0,2026-03-20
SEG_00095,403,Hamilton,7.5,2,Concrete,2.3,2024-09-22,191094,35,100,B,2,9,2026,5680667.0,2026-07-15
SEG_00047,QEW,Hamilton,3.8,4,Composite,5.0,2025-03-22,83453,46,80,B,3,2,2018,27752948.0,2026-05-03
SEG_00435,69,Hamilton,32.8,4,Gravel,7.2,2025-11-04,73458,45,110,B,3,4,2028,19101027.0,2026-04-14
SEG_00020,401,Hamilton,15.7,2,Composite,8.4,2025-05-17,49070,9,50,C,3,2,2029,29814395.0,2026-03-26
SEG_00061,69,Southwestern,10.0,6,Asphalt,9.9,2025-10-14,197360,47,80,D,5,0,2015,30569738.0,2026-06-05
SEG_00042,17,Niagara,6.6,6,Composite,1.9,2025-05-04,189161,16,100,C,2,4,2017,21449413.0,2026-02-17
SEG_00416,404,Durham,3.8,3,Asphalt,3.4,2023-07-21,75007,45,40,A,0,7,2024,45188017.0,2026-07-31
SEG_00107,7,Eastern,21.6,3,Asphalt,3.0,2025-07-31,169682,18,110,A,3,3,2015,14244163.0,2026-04-17
SEG_00364,404,Hamilton,15.7,4,Concrete,3.4,2024-02-19,85278,31,80,A,2,4,2016,39054699.0,2026-01-23
SEG_00191,400,Eastern,18.6,6,Gravel,8.7,2024-01-25,51757,33,110,C,0,9,2024,29105875.0,2026-03-24
SEG_00486,417,Eastern,37.8,6,Asphalt,5.1,2025-01-16,18673,22,110,D,5,5,2029,11638649.0,2026-01-21
SEG_00238,11,Waterloo,27.3,4,Asphalt,3.7,2025-05-17,39463,6,50,B,4,6,2027,48252467.0,2026-03-29
SEG_00491,401,Niagara,5.2,5,Asphalt,1.8,2026-05-15,183786,12,40,D,1,6,2015,9566883.0,2026-03-12
SEG_00269,403,Ottawa,39.6,3,Concrete,4.4,2025-12-23,167789,37,100,A,4,9,2020,31525924.0,2026-07-30
SEG_00350,QEW,Central,41.3,6,Asphalt,6.9,2025-02-22,2743,50,50,B,0,9,2017,49865227.0,2026-07-27
SEG_00082,401,Central,29.0,4,Composite,3.4,2023-03-17,180454,37,50,B,4,5,2026,44108654.0,2026-02-16
SEG_00277,17,Northern,9.4,5,Gravel,3.4,2023-08-15,69479,6,100,B,4,4,2027,21563506.0,2026-03-27
SEG_00405,17,GTA,25.6,2,Gravel,6.8,2024-04-05,101794,45,40,D,2,3,2016,29869243.0,2026-07-28
SEG_00067,QEW,Southwestern,10.8,2,Concrete,3.6,2023-01-18,60524,48,40,B,0,0,2024,36605406.0,2026-06-04
SEG_00278,11,Central,41.0,3,Gravel,8.5,2026-06-28,67115,16,60,C,2,3,2017,31075230.0,2026-04-05
SEG_00179,11,Waterloo,27.0,6,Gravel,3.2,2024-09-24,67590,46,60,C,4,0,2015,23294956.0,2026-05-02
SEG_00472,17,Southwestern,45.6,4,Asphalt,4.7,2025-06-14,3746,41,100,C,0,1,2018,37691290.0,2026-03-18
SEG_00143,17,GTA,34.4,4,Asphalt,4.0,2023-11-04,94681,28,50,C,4,1,2022,39122300.0,2026-07-15
SEG_00006,400,Eastern,33.1,5,Gravel,2.6,2026-03-23,158787,18,60,C,4,2,2029,16239795.0,2026-02-07
SEG_00394,417,Northern,11.6,7,Composite,7.5,2023-05-13,49064,29,110,C,0,9,2022,21627415.0,2026-04-02
SEG_00259,69,Southwestern,49.6,5,Concrete,3.8,2025-04-25,126757,37,60,D,0,5,2017,2269964.0,2026-01-04
SEG_00035,400,Northern,7.4,6,Gravel,9.3,2026-02-10,116515,50,100,B,0,7,2023,41141126.0,2026-02-24
SEG_00245,17,Hamilton,48.8,6,Asphalt,1.3,2024-01-19,74307,30,40,D,1,5,2027,16289773.0,2026-04-18
SEG_00426,400,Durham,42.2,7,Concrete,2.3,2024-11-17,30915,26,80,A,4,2,2026,32335148.0,2026-04-23
SEG_00228,404,Southwestern,25.2,6,Asphalt,4.6,2026-05-18,130061,10,50,D,0,8,2022,39502280.0,2026-03-22
SEG_00096,7,GTA,28.7,5,Composite,6.3,2023-09-13,116172,16,100,D,0,6,2026,8858949.0,2026-07-21
SEG_00451,QEW,Waterloo,41.0,2,Concrete,3.3,2026-07-20,197873,42,50,B,5,0,2021,35660012.0,2026-02-05
SEG_00474,401,GTA,5.4,5,Asphalt,3.8,2023-06-25,33642,30,80,C,2,10,2020,24795179.0,2026-06-19
SEG_00104,400,Waterloo,49.0,4,Asphalt,1.3,2024-09-08,10184,6,40,D,2,5,2018,40027349.0,2026-06-11
SEG_00374,11,Hamilton,41.4,6,Concrete,2.2,2024-07-13,187115,7,60,A,3,1,2019,35922949.0,2026-02-22
SEG_00323,401,Southwestern,35.5,4,Asphalt,8.7,2024-04-27,6815,15,100,D,3,3,2018,8164049.0,2026-03-31
SEG_00013,400,Hamilton,47.3,4,Gravel,1.4,2024-04-14,29373,8,50,C,2,10,2025,47782551.0,2026-01-25
SEG_00063,11,Hamilton,9.0,3,Asphalt,5.0,2023-12-19,183380,28,50,A,3,5,2026,41302018.0,2026-07-06
SEG_00320,407,Waterloo,41.2,3,Composite,2.8,2023-10-21,186068,3,50,D,0,3,2027,23877375.0,2026-06-17
SEG_00488,69,Northern,46.5,4,Concrete,6.9,2024-01-24,30216,46,100,D,5,0,2024,18633988.0,2026-07-01
SEG_00101,QEW,Southwestern,38.8,2,Concrete,8.0,2025-09-06,100139,14,50,C,3,5,2024,47762731.0,2026-06-02
SEG_00107,404,Eastern,3.8,5,Composite,4.3,2024-04-14,147496,11,110,A,2,2,2030,44754872.0,2026-01-15
SEG_00005,17,GTA,27.3,5,Composite,7.3,2024-04-29,109471,39,110,C,5,10,2020,15740172.0,2026-03-30
SEG_00062,11,Ottawa,34.4,2,Composite,5.8,2026-03-16,189817,7,40,A,5,5,2022,2445568.0,2026-05-01
SEG_00261,404,GTA,5.9,3,Gravel,7.7,2025-09-09,73173,19,100,B,0,7,2026,34423859.0,2026-04-02
SEG_00272,69,Southwestern,33.2,8,Gravel,6.1,2024-01-19,192061,13,40,B,4,7,2015,13035597.0,2026-06-12
SEG_00444,403,Central,45.9,7,Gravel,5.8,2023-03-15,187732,38,80,D,1,10,2019,49221481.0,2026-03-25
SEG_00260,11,Ottawa,14.8,2,Concrete,7.5,2025-04-13,91618,5,40,B,0,4,2026,10901285.0,2026-01-24
SEG_00176,69,Hamilton,32.2,8,Asphalt,2.7,2024-04-22,153187,44,40,A,2,6,2023,16875925.0,2026-07-19
SEG_00479,QEW,Durham,43.5,8,Composite,4.2,2025-03-21,79137,0,50,A,1,7,2020,21954950.0,2026-04-08
SEG_00112,11,Hamilton,47.0,6,Gravel,3.2,2023-05-07,110012,35,100,C,3,9,2016,26573005.0,2026-03-16
SEG_00437,400,Central,27.0,5,Composite,2.9,2024-09-28,175967,40,60,A,1,0,2019,4545354.0,2026-05-30
SEG_00473,401,Southwestern,30.4,5,Composite,3.9,2025-06-26,70173,46,110,B,1,2,2016,478243.0,2026-06-14
SEG_00280,407,Southwestern,44.1,5,Composite,3.4,2025-08-06,69234,41,80,D,3,2,2017,37600952.0,2026-04-03
SEG_00144,7,Hamilton,7.1,6,Concrete,8.4,2025-05-28,127516,14,110,D,2,6,2029,29899682.0,2026-05-24
SEG_00140,QEW,Central,1.7,6,Concrete,8.4,2025-02-12,50051,7,80,C,5,7,2016,2648006.0,2026-05-18
SEG_00107,401,Ottawa,27.6,7,Concrete,2.6,2023-12-17,49890,15,40,D,2,5,2018,11387541.0,2026-05-22
SEG_00088,QEW,Niagara,46.5,7,Composite,6.9,2025-06-08,152004,40,100,C,0,7,2015,24050397.0,2026-01-14
SEG_00307,417,Eastern,29.9,5,Composite,3.5,2025-09-28,132234,8,110,B,3,6,2029,43138806.0,2026-03-02
SEG_00327,407,GTA,31.3,4,Asphalt,9.0,2023-10-22,110038,17,110,A,4,7,2020,40730600.0,2026-05-17
SEG_00497,11,Niagara,35.0,8,Composite,9.8,2025-12-09,108099,4,60,B,0,6,2024,8509925.0,2026-07-21
SEG_00082,401,Durham,3.1,2,Asphalt,10.0,2025-05-19,141993,1,100,D,5,4,2027,630937.0,2026-07-10
SEG_00470,404,Waterloo,33.8,3,Concrete,2.7,2026-03-17,119466,45,50,D,4,0,2022,12698318.0,2026-07-21
SEG_00250,400,Durham,0.9,4,Concrete,6.5,2025-02-22,13033,11,40,B,2,9,2022,14589317.0,2026-03-05
SEG_00376,69,Eastern,2.7,7,Composite,5.5,2023-10-16,33342,40,110,A,0,2,2021,3375218.0,2026-07-23
SEG_00121,17,Durham,45.1,6,Composite,6.4,2026-05-31,52553,27,60,A,1,3,2027,42619283.0,2026-01-13
SEG_00471,69,Northern,8.5,6,Concrete,4.1,2026-06-09,23985,2,40,B,3,2,2022,40435611.0,2026-01-23
SEG_00498,403,Niagara,24.9,7,Gravel,6.7,2024-05-01,106925,8,60,D,4,4,2026,19866535.0,2026-02-10
SEG_00287,QEW,Southwestern,29.4,2,Composite,8.8,2023-03-30,115274,27,50,C,2,4,2020,1358574.0,2026-01-26
SEG_00059,QEW,Eastern,27.5,6,Concrete,1.8,2025-04-28,33743,5,100,A,4,8,2021,28645497.0,2026-02-25
SEG_00485,407,Northern,43.1,8,Concrete,2.1,2024-03-11,10356,27,40,A,4,4,2021,38788420.0,2026-02-10
SEG_00126,69,Ottawa,40.5,7,Concrete,1.5,2024-09-09,139480,29,50,C,2,4,2027,7173887.0,2026-06-07
SEG_00231,17,Southwestern,43.9,2,Gravel,1.9,2026-07-23,33648,18,110,B,2,6,2019,25108189.0,2026-03-30
SEG_00442,401,Central,41.2,2,Concrete,4.1,2024-03-18,12280,47,40,C,5,10,2026,5190265.0,2026-03-09
SEG_00314,7,Hamilton,21.1,4,Composite,5.6,2025-07-19,172141,38,100,A,3,2,2026,35885662.0,2026-01-19
SEG_00150,410,Waterloo,11.2,8,Asphalt,6.6,2025-11-08,75152,43,100,B,2,2,2017,3747223.0,2026-01-06
SEG_00253,400,Northern,27.3,6,Concrete,4.7,2026-04-06,84321,24,50,B,5,6,2023,16420163.0,2026-06-11
SEG_00135,11,Central,45.0,8,Concrete,3.6,2023-07-27,81711,49,110,A,4,6,2023,16690148.0,2026-06-14
SEG_00348,401,Niagara,9.7,2,Asphalt,3.4,2023-11-21,39744,29,80,C,0,4,2024,161899.0,2026-02-12
SEG_00085,401,Ottawa,34.2,6,Asphalt,2.1,2026-04-11,36131,44,40,C,1,0,2015,806044.0,2026-01-30
SEG_00377,11,Niagara,17.6,5,Gravel,3.4,2025-02-15,193111,33,50,C,2,7,2030,6153838.0,2026-05-03
SEG_00443,QEW,Niagara,23.6,5,Asphalt,7.4,2026-07-07,112523,28,100,C,1,7,2028,27349144.0,2026-07-13
SEG_00205,401,Niagara,26.5,4,Composite,8.7,2024-01-11,12419,30,110,D,4,3,2030,23220690.0,2026-03-23
SEG_00152,69,Northern,36.9,6,Composite,2.6,2025-05-01,195558,20,100,D,4,4,2027,23412169.0,2026-04-14
SEG_00370,11,Ottawa,12.5,2,Concrete,2.3,2023-07-18,7885,36,40,B,0,1,2022,45188823.0,2026-07-04
SEG_00424,17,GTA,3.4,7,Composite,5.6,2025-11-25,62463,45,110,C,0,2,2029,15202942.0,2026-07-28
SEG_00003,11,Southwestern,1.1,5,Concrete,1.5,2025-10-01,197799,24,110,C,4,0,2020,17614444.0,2026-04-21
SEG_00208,400,Waterloo,21.7,5,Composite,5.9,2023-11-06,105474,32,40,B,5,7,2023,42637511.0,2026-01-26
SEG_00417,QEW,Southwestern,41.3,4,Concrete,6.1,2024-05-27,96842,32,100,A,2,3,2021,40500429.0,2026-03-12
SEG_00035,410,Hamilton,8.0,2,Concrete,2.3,2024-06-22,121831,33,80,C,4,7,2027,9621977.0,2026-02-07
SEG_00453,69,Waterloo,13.4,3,Gravel,5.4,2024-09-13,162104,15,110,B,3,9,2028,9745959.0,2026-01-01
SEG_00057,403,Eastern,14.7,8,Gravel,9.6,2024-01-13,68099,50,100,C,2,9,2019,20258521.0,2026-06-15
SEG_00301,407,Niagara,29.8,5,Concrete,3.0,2026-04-08,132003,47,40,B,0,1,2028,30391207.0,2026-03-05
SEG_00174,7,Durham,4.7,5,Composite,4.1,2026-01-11,24396,32,60,D,0,7,2017,2449352.0,2026-05-13
SEG_00189,410,Central,42.0,2,Composite,3.5,2024-08-21,141429,27,80,A,4,3,2027,12537439.0,2026-06-17
SEG_00417,69,Southwestern,42.0,8,Composite,2.4,2025-07-02,183077,24,50,B,3,7,2017,46490358.0,2026-01-28
SEG_00327,417,Niagara,4.8,6,Concrete,9.7,2023-07-08,25131,28,110,C,0,0,2024,43853999.0,2026-02-20
SEG_00399,11,Northern,20.7,6,Composite,2.6,2025-05-03,173160,31,100,D,0,9,2015,6151883.0,2026-06-27
SEG_00020,7,Ottawa,47.7,5,Concrete,8.3,2025-05-28,9850,1,60,B,2,10,2021,27854970.0,2026-04-03
SEG_00474,400,Waterloo,0.5,6,Concrete,1.8,2025-01-06,140003,47,80,B,5,5,2018,3106455.0,2026-01-31
SEG_00470,404,Northern,5.2,7,Gravel,3.9,2026-07-09,52651,8,80,A,5,10,2030,2791362.0,2026-04-26
SEG_00049,407,Central,36.4,6,Concrete,2.6,2024-03-14,124243,2,50,A,4,5,2016,35358306.0,2026-05-19
SEG_00002,17,Hamilton,40.9,2,Asphalt,2.1,2024-12-26,160365,21,60,A,4,8,2025,28343065.0,2026-01-15
SEG_00366,404,Hamilton,8.4,7,Gravel,1.1,2023-10-13,160933,22,110,C,3,0,2027,37941202.0,2026-03-14
SEG_00471,401,Waterloo,46.3,7,Concrete,8.9,2025-07-05,196546,21,60,B,0,5,2026,2914734.0,2026-06-16
SEG_00498,403,Hamilton,49.1,2,Concrete,4.5,2026-06-06,169039,42,80,A,4,8,2023,30383661.0,2026-01-19
SEG_00109,407,Ottawa,11.5,5,Concrete,2.9,2026-01-14,132957,12,110,B,4,6,2022,38337137.0,2026-07-16
SEG_00438,407,Southwestern,34.9,2,Gravel,4.3,2026-07-07,100059,13,80,A,1,7,2030,2106158.0,2026-03-25
SEG_00128,7,Ottawa,43.2,3,Composite,4.8,2025-11-22,73672,30,60,D,0,2,2029,16708142.0,2026-03-28
SEG_00015,17,Eastern,41.2,5,Asphalt,8.2,2026-06-01,50969,24,40,B,1,0,2017,43829849.0,2026-05-05
SEG_00217,410,GTA,6.6,8,Concrete,5.8,2023-04-09,167901,29,110,D,1,1,2019,4330503.0,2026-02-02
SEG_00241,417,Southwestern,8.0,2,Concrete,3.8,2025-05-23,116944,45,50,A,5,4,2018,10868261.0,2026-06-15
SEG_00061,403,Northern,34.9,5,Asphalt,5.2,2025-04-06,192140,39,110,D,3,1,2028,853725.0,2026-06-27
SEG_00170,417,Waterloo,21.0,2,Gravel,3.6,2023-09-22,44249,33,100,C,5,1,2024,44880747.0,2026-07-31
SEG_00049,403,Waterloo,37.2,5,Gravel,4.4,2025-06-25,27399,5,100,C,4,7,2016,4181811.0,2026-02-22
SEG_00101,17,Central,32.1,5,Composite,5.5,2025-03-24,73263,43,110,B,1,5,2017,10155025.0,2026-04-03
SEG_00208,QEW,Durham,23.9,5,Asphalt,9.7,2024-09-12,34569,29,100,D,1,0,2030,3349598.0,2026-05-02
SEG_00139,403,Niagara,30.1,5,Concrete,3.3,2024-12-15,173270,12,80,A,0,5,2017,9779298.0,2026-01-22
SEG_00015,401,Central,36.1,2,Composite,8.8,2024-09-28,20515,40,60,C,2,1,2019,10068029.0,2026-03-15
SEG_00085,403,Waterloo,39.7,7,Composite,3.5,2026-01-11,157729,10,40,D,2,1,2028,1177212.0,2026-03-29
SEG_00003,QEW,Southwestern,4.9,4,Asphalt,5.1,2023-12-29,59883,33,110,C,2,2,2029,16428564.0,2026-05-09
SEG_00072,11,Eastern,37.0,8,Gravel,9.6,2023-11-03,169873,2,80,A,0,3,2018,46413309.0,2026-02-09
SEG_00064,400,Niagara,17.7,8,Asphalt,3.1,2023-06-09,86056,38,60,D,0,10,2022,38196808.0,2026-03-14
SEG_00148,410,Hamilton,33.2,8,Gravel,3.8,2026-06-18,194548,40,50,C,0,6,2029,17242994.0,2026-01-13
SEG_00147,410,Niagara,44.5,5,Composite,3.5,2025-07-31,56401,43,60,B,1,10,2024,30214208.0,2026-07-03
SEG_00415,404,Durham,26.1,8,Concrete,8.8,2025-01-03,4590,47,40,A,0,4,2028,10760159.0,2026-06-26
SEG_00240,401,Southwestern,17.2,7,Composite,5.6,2026-03-30,105184,14,50,A,3,7,2030,4950500.0,2026-01-06
SEG_00141,401,Niagara,35.8,5,Concrete,9.2,2023-11-27,188140,20,60,B,4,8,2022,43531131.0,2026-06-22
SEG_00411,410,GTA,47.5,5,Composite,7.3,2025-02-23,57060,6,50,A,2,2,2027,8356401.0,2026-05-16
SEG_00179,QEW,Eastern,22.7,5,Gravel,4.7,2025-04-05,36704,22,40,B,0,8,2016,7369546.0,2026-01-01
SEG_00161,17,Ottawa,21.4,3,Gravel,8.9,2023-10-31,121970,48,40,C,4,3,2019,27422204.0,2026-05-27
SEG_00013,407,Niagara,20.9,2,Concrete,7.7,2025-11-03,187000,42,80,A,1,3,2018,13080806.0,2026-06-02
SEG_00451,410,Ottawa,35.3,5,Gravel,9.6,2025-03-04,99024,30,110,A,1,3,2017,19928389.0,2026-05-19
SEG_00114,17,Northern,31.3,7,Concrete,2.0,2023-12-24,65347,21,100,C,1,0,2017,3552750.0,2026-04-29
SEG_00315,QEW,Central,1.6,8,Gravel,5.9,2023-02-09,133975,23,100,D,1,5,2019,35265372.0,2026-06-13
SEG_00151,17,Ottawa,22.0,7,Concrete,6.3,2025-10-27,181434,4,50,C,0,5,2022,17685009.0,2026-04-29
SEG_00093,403,Central,22.7,4,Concrete,2.8,2025-06-29,96661,49,110,A,2,5,2020,1865575.0,2026-06-24
SEG_00475,407,Ottawa,40.7,8,Composite,9.8,2025-10-17,84039,29,80,A,0,1,2015,48405387.0,2026-05-09
SEG_00188,403,Durham,3.9,7,Gravel,4.5,2024-10-09,158656,19,40,B,5,1,2027,42113159.0,2026-03-12
SEG_00321,404,Hamilton,40.4,6,Asphalt,9.5,2025-01-28,102130,37,110,C,1,5,2028,10734289.0,2026-01-21
SEG_00253,417,Ottawa,39.6,5,Gravel,9.2,2024-06-27,137028,14,40,C,3,8,2017,41248227.0,2026-04-02
SEG_00376,403,Niagara,3.4,5,Gravel,3.3,2023-03-12,13277,14,100,A,0,7,2024,13065317.0,2026-04-25
SEG_00316,410,Waterloo,22.1,2,Gravel,8.3,2026-07-16,123476,34,40,C,3,9,2015,7799512.0,2026-03-05
SEG_00005,410,Northern,4.4,6,Gravel,6.7,2024-02-29,189535,9,50,A,3,10,2030,40039624.0,2026-07-07
SEG_00147,7,Northern,4.1,3,Gravel,5.4,2023-03-13,41977,24,60,A,5,10,2018,22734718.0,2026-06-19
SEG_00284,417,Eastern,26.1,5,Gravel,8.9,2026-05-16,142650,40,40,D,3,9,2019,39380573.0,2026-03-06
SEG_00386,7,Ottawa,30.6,5,Gravel,7.5,2026-05-09,39315,15,100,A,1,2,2021,49577456.0,2026-04-14
SEG_00110,400,Waterloo,23.8,7,Gravel,6.4,2025-09-21,156575,1,80,B,4,0,2027,37444118.0,2026-04-25
SEG_00118,404,Waterloo,5.1,8,Concrete,3.0,2023-12-29,80513,46,110,B,1,6,2021,3533967.0,2026-05-11
SEG_00259,403,Waterloo,41.0,6,Concrete,7.2,2023-01-26,71494,16,40,B,2,4,2030,14462451.0,2026-05-17
SEG_00224,7,Waterloo,32.8,6,Concrete,9.7,2026-05-23,45959,36,50,D,5,7,2018,35486765.0,2026-07-31
SEG_00466,69,Southwestern,43.6,6,Asphalt,8.1,2024-09-26,137715,45,60,C,1,3,2023,34348861.0,2026-02-07
SEG_00475,69,Eastern,26.9,3,Composite,8.9,2023-05-06,2003,12,80,A,2,2,2027,2925930.0,2026-01-10
SEG_00188,QEW,Northern,16.8,8,Composite,5.5,2024-06-12,119932,42,50,A,2,6,2020,38563882.0,2026-05-08
SEG_00400,17,GTA,21.8,5,Concrete,2.6,2023-02-20,57820,29,60,C,1,0,2018,38349569.0,2026-05-06
SEG_00303,400,Durham,4.5,6,Concrete,8.2,2023-10-15,179165,2,100,B,1,7,2017,22035042.0,2026-03-19
SEG_00131,403,Northern,12.3,7,Concrete,4.3,2026-07-17,164158,10,80,A,3,0,2016,17328386.0,2026-02-24
SEG_00098,400,GTA,18.5,8,Composite,3.1,2023-04-26,48422,12,100,C,5,0,2019,43657234.0,2026-01-02
SEG_00037,400,Central,29.4,8,Composite,7.2,2025-07-24,141345,35,40,D,1,5,2020,28490697.0,2026-05-10
SEG_00228,69,Hamilton,10.9,3,Concrete,8.2,2024-03-19,126722,31,40,B,1,9,2026,4530899.0,2026-01-03
SEG_00366,QEW,Niagara,22.4,7,Composite,4.2,2025-01-22,131854,29,40,C,4,10,2022,45408449.0,2026-01-25
SEG_00187,17,Niagara,10.0,7,Concrete,9.9,2024-05-13,177062,39,40,B,5,6,2028,7561564.0,2026-06-12
SEG_00432,11,GTA,24.4,3,Composite,8.0,2023-08-25,16471,40,80,A,5,5,2024,41540496.0,2026-06-20
SEG_00147,17,Southwestern,36.9,4,Gravel,6.9,2026-07-05,195972,41,110,B,3,10,2028,44546388.0,2026-04-11
SEG_00285,404,Ottawa,28.2,5,Asphalt,2.3,2023-08-10,103940,23,80,C,1,4,2023,13207129.0,2026-01-12
SEG_00299,403,Eastern,1.0,2,Concrete,9.0,2025-09-29,4347,32,110,B,0,0,2029,4130441.0,2026-02-07
SEG_00152,407,Hamilton,46.0,2,Composite,8.9,2023-02-14,189631,16,60,D,2,9,2020,12944070.0,2026-03-06
SEG_00440,417,GTA,7.6,2,Concrete,1.1,2025-12-14,44927,5,50,B,2,7,2015,27219408.0,2026-05-03
SEG_00143,7,Eastern,49.6,6,Asphalt,9.4,2026-02-10,124902,16,110,D,2,7,2023,41083558.0,2026-02-14
SEG_00223,69,Hamilton,6.0,3,Concrete,6.6,2025-12-12,152280,46,100,C,0,5,2030,3881565.0,2026-05-12
SEG_00410,404,Southwestern,8.9,2,Asphalt,1.4,2025-02-04,144976,33,100,B,4,8,2030,7147991.0,2026-05-24
SEG_00010,417,Central,40.6,7,Composite,5.4,2025-04-14,145099,18,110,A,4,3,2015,3736982.0,2026-07-07
SEG_00093,417,Niagara,1.3,2,Concrete,3.4,2024-09-12,16505,39,50,B,2,1,2024,18273864.0,2026-07-01
SEG_00015,403,GTA,30.2,7,Gravel,3.5,2024-06-03,63318,7,40,D,0,1,2023,36407683.0,2026-02-03
SEG_00334,QEW,Durham,1.8,6,Composite,2.5,2023-07-25,10042,38,40,D,1,0,2022,43790637.0,2026-02-10
SEG_00245,404,GTA,49.1,3,Gravel,8.0,2024-05-14,112768,48,50,A,1,9,2024,27109053.0,2026-01-25
SEG_00338,401,Northern,49.8,5,Composite,3.3,2025-08-10,34901,2,110,C,0,5,2026,11543523.0,2026-01-17
SEG_00450,17,Central,14.7,2,Gravel,9.4,2025-04-16,144883,48,100,A,1,0,2018,521735.0,2026-07-29
SEG_00269,404,GTA,49.3,5,Asphalt,9.0,2025-04-17,54377,40,80,A,1,10,2028,39111907.0,2026-01-24
SEG_00221,403,Northern,11.9,4,Concrete,4.9,2025-03-15,41857,36,50,D,2,0,2015,6531791.0,2026-07-01
SEG_00449,400,Durham,42.8,7,Concrete,4.3,2024-10-07,112054,33,60,D,4,9,2018,37180156.0,2026-02-11
SEG_00238,69,Durham,35.4,3,Composite,8.2,2024-05-31,20667,49,100,D,2,6,2019,38862601.0,2026-03-28
SEG_00224,QEW,Eastern,15.6,2,Gravel,2.4,2025-02-28,126038,31,60,D,0,1,2015,15726098.0,2026-04-23
SEG_00123,400,Durham,32.2,4,Concrete,3.4,2024-04-01,12934,20,60,A,4,6,2021,25288602.0,2026-04-06
SEG_00145,404,Niagara,43.2,6,Composite,4.3,2023-01-11,126089,23,80,B,3,9,2020,6623056.0,2026-05-24
SEG_00429,407,Northern,1.8,8,Concrete,2.6,2023-07-02,60978,27,40,C,3,10,2029,30616625.0,2026-02-11
SEG_00246,400,Northern,12.0,7,Concrete,6.6,2024-02-06,69700,13,110,B,1,0,2023,23433505.0,2026-04-15
SEG_00113,11,Southwestern,14.3,5,Concrete,8.3,2023-11-21,102725,7,100,D,3,9,2027,24751871.0,2026-02-13
SEG_00252,403,Central,28.7,8,Gravel,6.4,2025-02-17,1941,5,80,D,2,10,2026,21802280.0,2026-02-11
SEG_00377,401,Hamilton,4.0,5,Composite,3.4,2023-09-04,142562,34,40,C,0,5,2021,46215339.0,2026-06-03
SEG_00062,407,Niagara,8.3,7,Gravel,9.1,2023-07-21,126620,36,60,D,2,8,2017,32021977.0,2026-05-21
SEG_00204,404,Niagara,46.9,7,Asphalt,5.1,2025-04-18,169334,36,100,B,5,6,2018,38659691.0,2026-07-07
SEG_00441,404,Northern,37.2,5,Asphalt,3.7,2026-01-13,187317,13,100,A,4,10,2029,11687975.0,2026-07-26
SEG_00167,401,Southwestern,16.4,4,Composite,9.0,2025-05-29,175965,3,80,D,2,10,2015,11152999.0,2026-05-01
SEG_00291,401,Durham,30.6,4,Composite,1.3,2023-02-22,82103,49,60,C,4,2,2018,11836852.0,2026-06-20
SEG_00145,17,Waterloo,49.3,5,Gravel,6.1,2026-04-04,51092,23,50,C,4,6,2017,8791352.0,2026-06-13
SEG_00430,69,Central,16.7,7,Concrete,2.7,2024-09-08,105529,12,110,B,4,7,2018,46362318.0,2026-04-19
SEG_00067,410,Waterloo,43.3,7,Concrete,6.9,2026-03-26,28088,13,60,A,4,3,2020,45601559.0,2026-02-21
SEG_00401,403,Eastern,33.9,6,Asphalt,7.6,2026-07-26,102142,42,40,A,3,4,2027,14545129.0,2026-03-06
SEG_00109,11,Waterloo,39.0,2,Composite,2.1,2023-05-18,15625,17,110,D,2,7,2020,31020153.0,2026-06-25
SEG_00161,QEW,Durham,44.2,5,Composite,4.0,2023-01-15,120624,6,100,A,5,0,2020,18757543.0,2026-06-15
SEG_00367,400,Durham,15.4,3,Concrete,2.8,2024-07-11,152782,29,50,D,2,10,2026,16331886.0,2026-04-26
SEG_00420,17,GTA,24.4,2,Asphalt,7.4,2025-05-03,20935,30,40,C,3,0,2024,48247078.0,2026-03-30
SEG_00203,QEW,Central,28.0,8,Gravel,9.0,2024-03-22,180287,1,40,B,1,9,2025,44277334.0,2026-01-11
SEG_00239,17,Central,15.1,8,Asphalt,1.7,2026-02-19,50922,9,60,A,0,2,2023,21191768.0,2026-01-03
SEG_00194,404,Southwestern,49.2,6,Asphalt,6.8,2023-05-11,160281,2,110,B,2,1,2018,28426562.0,2026-02-06
SEG_00152,407,Ottawa,9.9,5,Asphalt,4.8,2023-10-09,114120,33,110,D,3,2,2015,37658593.0,2026-05-07
SEG_00462,69,Durham,39.8,7,Concrete,3.6,2026-01-11,58089,22,80,A,0,6,2018,22544286.0,2026-03-01
SEG_00332,7,Hamilton,47.0,2,Asphalt,5.6,2024-05-06,133671,29,100,B,1,2,2028,25575118.0,2026-07-04
SEG_00210,404,Hamilton,23.5,2,Composite,1.3,2024-02-02,104903,44,40,D,4,2,2028,530281.0,2026-06-24
SEG_00463,407,Hamilton,23.6,3,Concrete,5.4,2024-12-19,48209,33,110,B,0,9,2026,2826765.0,2026-04-30
SEG_00488,407,Waterloo,46.0,7,Asphalt,4.0,2023-03-29,149730,35,110,D,0,10,2029,38741447.0,2026-06-02
SEG_00471,401,Waterloo,38.3,8,Gravel,7.7,2026-02-08,57998,16,60,B,2,5,2023,20421607.0,2026-06-26
SEG_00250,410,Northern,5.1,6,Concrete,8.1,2026-04-22,28042,18,50,A,1,0,2028,24159320.0,2026-01-30
SEG_00420,11,Ottawa,38.7,6,Asphalt,4.7,2026-04-23,31404,50,50,D,4,9,2029,39635603.0,2026-03-28
SEG_00124,11,Central,11.3,8,Concrete,9.6,2023-02-21,191877,35,80,C,4,2,2029,4144662.0,2026-02-23
SEG_00366,404,Niagara,24.3,8,Gravel,9.2,2026-04-25,79850,39,40,D,5,4,2018,39042956.0,2026-01-31
SEG_00325,410,Waterloo,44.2,5,Asphalt,9.4,2024-06-01,104785,23,100,D,1,7,2026,40475711.0,2026-04-28
SEG_00011,400,Hamilton,35.4,3,Asphalt,6.3,2025-10-16,88184,38,100,B,5,3,2015,12584337.0,2026-03-29
SEG_00457,69,Durham,25.5,3,Concrete,1.8,2024-09-17,142685,28,110,A,5,9,2030,36910423.0,2026-01-09
SEG_00394,417,Durham,26.9,2,Gravel,5.2,2025-11-03,76902,49,50,A,5,2,2027,47441204.0,2026-05-04
SEG_00420,404,Durham,49.3,8,Composite,9.6,2025-12-07,135553,0,100,A,1,6,2017,26017935.0,2026-06-21
SEG_00002,QEW,Waterloo,2.3,2,Composite,5.0,2024-09-03,136926,22,40,A,0,7,2025,5453948.0,2026-04-22
SEG_00439,QEW,Niagara,39.3,6,Concrete,3.6,2023-09-21,100557,39,110,A,1,5,2017,3879174.0,2026-01-24
SEG_00486,407,Ottawa,16.4,2,Concrete,5.6,2023-11-02,150343,10,80,C,3,1,2027,44759284.0,2026-01-20
SEG_00110,400,Southwestern,38.0,4,Asphalt,3.6,2026-02-07,168731,28,60,D,4,6,2018,39079744.0,2026-06-16
SEG_00165,11,Waterloo,3.8,3,Composite,4.7,2025-08-30,36564,31,110,A,2,7,2028,17354586.0,2026-07-31
SEG_00355,403,GTA,16.7,6,Concrete,5.1,2024-09-24,105887,38,110,A,3,4,2030,38749170.0,2026-03-06
SEG_00031,410,Waterloo,0.5,7,Gravel,3.4,2026-02-03,66298,12,110,D,4,2,2017,16686200.0,2026-06-23
SEG_00071,417,GTA,43.0,5,Gravel,3.8,2023-07-25,112029,8,50,A,1,4,2027,26994124.0,2026-03-14
SEG_00118,7,Waterloo,17.2,5,Composite,7.5,2025-02-27,9505,16,100,A,2,7,2022,16431163.0,2026-05-09
SEG_00135,407,Central,13.6,2,Concrete,3.8,2023-07-12,176985,50,60,D,0,9,2019,23859828.0,2026-05-26
SEG_00004,7,Waterloo,8.9,2,Concrete,2.1,2026-01-29,141556,6,50,C,2,8,2018,1104550.0,2026-06-23
SEG_00414,404,Waterloo,3.3,8,Asphalt,7.4,2023-12-16,168708,22,60,B,4,6,2024,31984179.0,2026-03-09
SEG_00131,11,Southwestern,44.1,8,Composite,6.9,2025-05-30,173023,5,60,B,2,8,2025,24315507.0,2026-03-03
SEG_00156,QEW,GTA,29.0,4,Asphalt,9.9,2024-06-07,20330,41,80,C,1,4,2025,2101189.0,2026-02-05
SEG_00024,404,GTA,47.5,8,Gravel,2.5,2023-10-11,142530,21,40,B,2,7,2018,18206561.0,2026-05-07
SEG_00474,417,Eastern,35.6,5,Composite,1.2,2026-02-05,154218,0,60,C,0,8,2021,40595299.0,2026-06-08
SEG_00487,407,Hamilton,9.4,2,Composite,4.8,2025-01-16,53366,25,100,B,1,2,2029,26181477.0,2026-07-20
SEG_00093,417,Waterloo,24.3,3,Composite,5.2,2025-10-23,138450,4,50,C,1,8,2026,31006176.0,2026-05-04
SEG_00214,410,Waterloo,38.1,4,Gravel,9.8,2023-04-28,15872,37,60,B,4,8,2024,32162829.0,2026-07-25
SEG_00246,400,Southwestern,49.0,5,Asphalt,7.4,2024-07-31,1517,21,50,C,0,9,2018,40328561.0,2026-03-14
SEG_00477,410,Durham,40.4,3,Composite,1.3,2026-01-08,45217,41,110,A,3,8,2016,25977907.0,2026-07-24
SEG_00208,404,Niagara,46.8,3,Asphalt,3.1,2023-08-10,61367,2,80,A,5,6,2026,8199316.0,2026-04-01
SEG_00204,17,GTA,44.7,4,Composite,6.2,2025-08-22,61356,21,110,B,3,9,2016,28347510.0,2026-01-11
SEG_00036,407,Durham,31.2,7,Composite,8.8,2024-08-30,133085,17,40,A,4,9,2024,40700282.0,2026-05-06
SEG_00171,417,Eastern,35.7,3,Composite,6.3,2024-03-18,48915,14,60,D,4,9,2018,36639223.0,2026-01-14
SEG_00233,401,GTA,25.1,7,Composite,3.3,2025-02-13,49619,38,50,A,1,2,2017,2975857.0,2026-06-08
SEG_00152,404,Hamilton,30.8,8,Composite,2.3,2023-04-17,66749,26,60,D,4,2,2029,32777571.0,2026-05-12
SEG_00229,404,Central,41.4,6,Composite,10.0,2024-12-29,184096,35,50,B,5,6,2021,40938146.0,2026-01-09
SEG_00473,417,Northern,22.9,5,Concrete,5.9,2026-02-25,142876,6,50,C,3,2,2022,5048723.0,2026-01-21
SEG_00193,410,Niagara,42.0,4,Asphalt,2.1,2025-04-12,128589,36,80,A,3,9,2017,39081654.0,2026-07-07
SEG_00135,417,Waterloo,14.9,5,Asphalt,1.8,2024-10-25,106001,28,50,D,1,7,2030,14943101.0,2026-03-31
SEG_00432,QEW,Niagara,17.5,3,Composite,2.4,2025-11-15,60314,21,100,B,5,4,2017,19055196.0,2026-01-27
SEG_00198,401,Northern,41.1,5,Composite,5.7,2025-11-23,35047,14,100,B,2,5,2029,20365979.0,2026-07-18
SEG_00299,403,Northern,30.5,2,Composite,5.0,2024-05-20,144216,23,80,B,2,9,2024,1831245.0,2026-02-26
SEG_00289,7,Niagara,38.8,4,Gravel,2.1,2023-01-29,104084,6,40,D,1,8,2024,41179215.0,2026-03-10
SEG_00297,407,Ottawa,12.6,2,Concrete,3.6,2026-05-18,54447,29,110,B,3,1,2020,32236867.0,2026-07-03
SEG_00341,7,Northern,8.5,8,Gravel,2.9,2025-04-27,186101,10,80,A,1,0,2025,21800648.0,2026-01-13
SEG_00376,69,Hamilton,20.2,5,Composite,9.4,2025-07-12,35850,40,50,C,2,4,2024,19893694.0,2026-02-19
SEG_00012,7,Southwestern,25.3,2,Asphalt,2.8,2023-06-10,71432,9,110,B,1,4,2025,33537284.0,2026-03-04
SEG_00357,QEW,Central,1.2,7,Asphalt,8.6,2023-01-02,62482,9,60,C,0,3,2022,7478951.0,2026-06-11
SEG_00092,407,Central,23.8,6,Concrete,2.9,2025-09-20,156140,15,80,A,4,6,2021,25659504.0,2026-02-06
SEG_00300,7,Durham,48.1,3,Gravel,6.8,2025-03-26,119978,46,50,A,0,1,2021,47400844.0,2026-01-01
SEG_00282,401,Central,13.0,5,Gravel,1.2,2023-05-31,164447,44,80,C,3,8,2030,11742569.0,2026-07-12
SEG_00171,417,Ottawa,21.2,8,Asphalt,3.8,2024-02-04,188712,40,80,C,2,7,2023,367656.0,2026-02-01
SEG_00363,407,GTA,18.9,7,Concrete,9.1,2024-06-22,59071,9,80,B,2,0,2020,21614160.0,2026-04-14
SEG_00303,400,Eastern,46.8,6,Asphalt,8.2,2025-09-03,197965,48,80,B,0,3,2020,24733596.0,2026-05-15
SEG_00361,407,Eastern,27.4,3,Concrete,9.9,2024-12-09,182612,0,110,D,5,0,2028,922862.0,2026-03-15
SEG_00497,403,Waterloo,23.3,2,Concrete,3.3,2023-07-26,174354,4,80,B,4,6,2021,35903463.0,2026-03-31
SEG_00466,410,Niagara,44.7,3,Asphalt,9.6,2024-10-10,166684,39,50,A,2,1,2027,4613136.0,2026-01-08
SEG_00417,QEW,Niagara,23.4,6,Asphalt,6.5,2024-11-18,13841,17,100,B,3,1,2017,33983608.0,2026-06-01
SEG_00017,69,Niagara,12.2,4,Composite,8.8,2023-05-19,82068,14,100,C,1,5,2030,24869850.0,2026-03-31
SEG_00429,401,Eastern,26.2,7,Concrete,8.5,2024-08-11,76113,19,50,B,2,5,2023,39875444.0,2026-02-11
SEG_00394,417,Niagara,48.2,8,Composite,3.8,2023-01-24,24911,29,50,A,4,4,2024,324462.0,2026-01-13
SEG_00077,400,Central,49.4,4,Gravel,9.1,2023-08-14,82655,6,40,D,3,10,2023,48317215.0,2026-02-19
SEG_00070,400,Eastern,6.5,2,Asphalt,7.5,2025-03-15,169500,20,50,B,1,1,2018,11534083.0,2026-03-05
SEG_00008,407,Northern,15.6,7,Asphalt,3.5,2023-07-30,119716,7,80,B,5,3,2022,32572883.0,2026-07-02
SEG_00116,11,Waterloo,7.0,8,Gravel,2.8,2026-01-29,28570,25,40,B,0,3,2028,18095395.0,2026-03-12
SEG_00059,69,GTA,45.8,4,Concrete,5.7,2023-06-20,193417,42,40,D,1,6,2018,40729443.0,2026-05-04
SEG_00045,17,Eastern,7.4,3,Concrete,2.8,2023-06-13,112699,32,100,C,0,10,2018,20128508.0,2026-02-07
SEG_00239,401,Central,15.5,6,Concrete,8.5,2025-04-14,165018,20,40,D,0,3,2026,1465189.0,2026-05-12
SEG_00387,69,Niagara,29.1,4,Gravel,4.9,2025-01-29,115045,20,50,B,5,0,2021,25849951.0,2026-02-25
SEG_00341,410,Southwestern,1.5,5,Gravel,8.3,2024-08-05,80588,5,80,A,0,7,2017,43867214.0,2026-07-04
SEG_00312,403,Ottawa,1.6,5,Asphalt,3.3,2026-06-26,20992,48,110,B,5,3,2028,32929854.0,2026-07-05
SEG_00443,407,Northern,34.2,2,Asphalt,9.2,2025-05-01,160723,20,110,C,3,3,2024,47274471.0,2026-01-16
SEG_00195,401,Niagara,15.4,2,Composite,3.5,2023-07-31,82968,30,80,B,1,8,2026,49095627.0,2026-07-12
SEG_00043,404,Northern,30.3,2,Composite,9.3,2026-06-12,156759,19,80,C,4,3,2029,23598889.0,2026-05-01
SEG_00178,QEW,Eastern,3.4,6,Composite,7.9,2023-06-04,181868,48,40,C,3,7,2018,21501860.0,2026-06-22
SEG_00433,QEW,Northern,49.9,7,Concrete,3.2,2023-10-09,79664,34,50,D,1,1,2016,16761999.0,2026-04-11
SEG_00277,404,GTA,25.3,5,Asphalt,1.9,2024-12-05,92853,23,40,A,2,5,2021,25552460.0,2026-03-22
SEG_00107,401,Waterloo,10.0,6,Composite,6.9,2024-09-21,189028,31,110,D,5,9,2027,34239008.0,2026-03-12
SEG_00361,401,Hamilton,9.6,6,Asphalt,4.0,2025-12-29,116844,44,100,B,0,0,2028,25127540.0,2026-02-11
SEG_00203,407,Ottawa,30.2,4,Asphalt,6.2,2024-09-20,57372,27,110,B,3,1,2019,3672078.0,2026-05-02
SEG_00053,407,Central,30.2,2,Concrete,2.3,2025-07-28,153006,32,60,C,0,6,2027,42590457.0,2026-06-16
SEG_00494,401,Northern,38.4,2,Gravel,7.0,2026-04-17,198068,6,40,C,0,10,2017,30934496.0,2026-04-24
SEG_00411,417,Niagara,45.7,4,Composite,5.3,2023-06-19,151589,26,40,C,0,0,2024,16052481.0,2026-04-08
SEG_00260,401,Central,22.4,4,Concrete,6.8,2025-07-19,189638,42,40,C,1,8,2021,32141194.0,2026-04-20
SEG_00146,69,Northern,21.9,6,Concrete,2.6,2025-05-05,79159,0,40,A,2,1,2030,20208665.0,2026-03-31
SEG_00222,69,Eastern,8.2,2,Asphalt,1.6,2023-04-04,156673,41,60,C,4,6,2030,19484117.0,2026-05-30
SEG_00079,11,Niagara,20.5,2,Gravel,9.9,2026-05-12,194101,25,50,D,3,8,2024,16621392.0,2026-03-14
SEG_00402,11,Southwestern,49.2,3,Gravel,2.0,2025-07-30,58590,0,80,A,3,8,2026,11327267.0,2026-06-12
SEG_00201,404,Eastern,1.1,6,Asphalt,1.1,2025-02-28,197557,48,60,A,0,8,2016,30988742.0,2026-06-12
SEG_00290,400,Central,33.8,6,Gravel,6.6,2025-05-05,58500,41,60,C,1,8,2029,32014330.0,2026-01-25
SEG_00146,QEW,Hamilton,45.1,2,Asphalt,9.1,2025-11-05,36228,33,110,D,1,9,2015,1222200.0,2026-02-22
SEG_00210,17,Niagara,13.1,4,Composite,5.6,2023-06-07,37253,9,80,D,3,5,2021,2049577.0,2026-05-05
SEG_00243,400,GTA,46.7,6,Concrete,3.4,2025-08-23,73013,27,60,B,5,3,2020,1856661.0,2026-07-18
SEG_00018,403,Central,22.0,3,Concrete,2.8,2025-02-24,97978,50,80,D,0,0,2023,43120477.0,2026-06-19
SEG_00384,410,Durham,24.2,8,Gravel,6.9,2024-03-28,150927,44,50,B,2,1,2028,27106101.0,2026-07-10
SEG_00462,QEW,Southwestern,42.5,8,Concrete,3.3,2026-04-02,16635,20,80,C,0,6,2025,2845950.0,2026-04-23
SEG_00034,17,Southwestern,11.5,5,Gravel,5.6,2024-01-25,47311,9,110,C,2,5,2022,25572172.0,2026-01-01
SEG_00003,417,Waterloo,15.5,5,Composite,5.4,2023-01-28,79823,0,60,D,0,8,2028,20344446.0,2026-06-03
SEG_00474,403,Niagara,17.5,6,Gravel,1.8,2023-12-06,85508,8,110,A,1,3,2027,21473842.0,2026-06-01
SEG_00052,17,Northern,7.6,6,Composite,9.1,2026-05-08,139775,34,50,D,2,3,2016,31975235.0,2026-02-23
SEG_00249,403,Ottawa,23.8,7,Asphalt,2.6,2024-05-06,53496,24,60,D,1,2,2022,16635749.0,2026-02-27
SEG_00383,69,Waterloo,8.4,7,Concrete,5.7,2025-12-28,54487,18,100,C,5,3,2030,20265981.0,2026-01-15
SEG_00424,404,Northern,43.2,6,Asphalt,8.9,2025-11-01,157303,3,50,C,1,10,2021,48489667.0,2026-06-08
SEG_00432,410,Northern,25.3,5,Composite,6.2,2026-06-11,84110,47,60,A,1,2,2023,40704111.0,2026-02-28
SEG_00117,69,Niagara,42.8,5,Asphalt,4.6,2025-09-08,56701,2,110,B,1,7,2022,12383635.0,2026-04-29
SEG_00482,7,Southwestern,37.2,2,Concrete,4.6,2024-09-02,171228,33,60,A,5,3,2018,12481713.0,2026-02-24
SEG_00265,7,Waterloo,30.2,4,Gravel,6.4,2025-07-16,109241,48,80,A,0,6,2020,40172361.0,2026-03-04
SEG_00443,417,Southwestern,20.3,2,Asphalt,9.3,2026-03-22,188915,34,80,D,3,3,2026,20377298.0,2026-03-11
SEG_00486,407,Durham,13.6,6,Composite,7.2,2026-01-20,161965,37,100,C,4,10,2028,2906238.0,2026-05-27
SEG_00361,17,Hamilton,49.0,2,Composite,7.4,2024-07-04,179120,23,110,C,3,6,2015,39911036.0,2026-04-21
SEG_00478,407,Durham,43.4,8,Composite,9.7,2024-10-09,32608,23,80,D,5,0,2016,29546154.0,2026-06-29
SEG_00419,69,Hamilton,16.1,3,Composite,6.8,2025-12-28,154233,12,60,A,5,5,2029,27636334.0,2026-06-18
SEG_00135,7,Ottawa,1.8,3,Composite,7.0,2025-04-16,61943,46,100,D,4,1,2015,1864072.0,2026-04-27
SEG_00311,417,Southwestern,27.5,8,Gravel,7.7,2023-05-26,31422,48,60,B,1,7,2028,20821079.0,2026-07-16
SEG_00290,69,Waterloo,4.8,8,Composite,2.2,2023-10-12,73725,12,100,D,3,2,2022,29967109.0,2026-05-23
SEG_00126,401,Ottawa,41.5,4,Asphalt,2.2,2025-12-03,22055,32,60,C,5,6,2029,43153338.0,2026-03-03
SEG_00105,407,GTA,15.1,2,Asphalt,8.7,2023-12-11,177287,35,60,A,3,9,2027,29570382.0,2026-03-10
SEG_00229,417,GTA,42.7,4,Concrete,7.0,2024-08-16,99791,4,80,A,2,1,2022,45565142.0,2026-02-22
SEG_00243,69,Durham,3.0,4,Concrete,7.4,2024-11-08,88596,3,100,C,2,4,2025,15129587.0,2026-05-31
SEG_00172,403,Central,29.2,5,Gravel,7.5,2026-04-13,184612,43,50,C,2,9,2021,34243088.0,2026-02-03
SEG_00357,403,Waterloo,11.3,5,Gravel,9.1,2025-04-20,69337,35,110,D,2,0,2021,35665668.0,2026-04-04
SEG_00292,407,Ottawa,41.2,2,Gravel,5.2,2026-06-12,153896,22,110,C,4,6,2026,5416335.0,2026-02-01
SEG_00089,7,GTA,45.7,7,Gravel,7.5,2023-07-16,83695,13,100,C,1,6,2016,10005693.0,2026-03-17
SEG_00213,QEW,Central,32.8,5,Gravel,8.6,2023-09-07,152658,11,60,D,2,9,2023,3237712.0,2026-01-20
SEG_00259,401,Northern,7.6,7,Concrete,2.3,2026-03-16,17137,38,60,D,2,0,2020,8185136.0,2026-04-26
SEG_00385,401,Waterloo,38.9,8,Gravel,8.0,2023-01-27,163991,13,50,D,3,3,2020,25190432.0,2026-03-20
SEG_00226,7,Niagara,9.1,6,Composite,7.8,2024-01-03,133157,16,40,C,2,5,2023,46237381.0,2026-03-02
SEG_00067,69,Hamilton,8.3,6,Composite,1.1,2025-08-24,140555,25,60,A,1,10,2022,46270603.0,2026-07-18
SEG_00371,417,Ottawa,37.6,4,Gravel,9.5,2026-01-06,171374,28,60,D,0,5,2025,25131860.0,2026-05-29
SEG_00385,403,Central,14.1,2,Concrete,4.9,2023-10-21,121518,43,40,D,2,1,2024,45072590.0,2026-04-04
SEG_00128,QEW,Eastern,11.7,6,Composite,1.4,2023-03-12,181531,16,40,B,2,1,2022,13560608.0,2026-03-30
SEG_00239,69,Waterloo,40.5,4,Composite,2.0,2026-05-28,27723,39,60,A,0,0,2017,37616114.0,2026-03-23
SEG_00008,417,Ottawa,20.3,8,Asphalt,4.0,2025-10-17,49295,45,100,A,4,6,2016,32133916.0,2026-04-17
SEG_00472,401,Southwestern,46.6,6,Gravel,7.3,2023-10-05,39250,0,50,D,3,5,2023,13420122.0,2026-01-27
SEG_00419,400,Waterloo,29.1,4,Gravel,2.4,2025-07-12,74447,7,80,C,3,1,2020,4122777.0,2026-07-02
SEG_00264,401,Durham,33.9,4,Composite,9.2,2023-07-09,102048,14,40,A,1,0,2018,2143618.0,2026-07-13
SEG_00109,404,Waterloo,48.7,7,Composite,1.0,2024-11-04,28632,23,60,D,4,5,2022,34509122.0,2026-04-14
SEG_00135,69,Northern,43.2,7,Concrete,7.1,2026-06-17,18376,7,110,C,3,9,2029,46341793.0,2026-04-03
SEG_00479,400,Durham,46.6,4,Asphalt,5.0,2025-05-08,163010,29,100,A,3,8,2022,21955269.0,2026-04-12
SEG_00344,407,Eastern,25.4,7,Asphalt,2.9,2025-05-08,166396,29,110,B,1,0,2016,45330930.0,2026-06-06
SEG_00056,410,Southwestern,19.1,7,Asphalt,4.7,2023-01-13,26212,21,60,B,3,2,2020,575606.0,2026-04-21
SEG_00351,11,Hamilton,35.1,6,Composite,8.1,2024-07-31,140348,36,110,A,0,10,2027,43509410.0,2026-04-20
SEG_00246,410,Northern,27.7,5,Gravel,3.6,2023-02-28,27682,45,60,B,4,6,2025,23142680.0,2026-05-31
SEG_00360,404,Durham,34.2,3,Gravel,2.1,2026-02-17,31813,14,100,A,2,0,2026,49663419.0,2026-03-12
SEG_00181,417,Durham,5.1,7,Gravel,6.6,2024-06-23,13605,7,100,A,2,3,2019,43626171.0,2026-05-05
SEG_00070,404,Niagara,4.6,6,Gravel,5.1,2025-10-07,128808,37,60,A,1,10,2024,47804280.0,2026-05-04
SEG_00470,17,Waterloo,34.0,6,Gravel,3.0,2024-03-19,173498,37,100,B,0,10,2016,15118543.0,2026-01-29
SEG_00295,403,Northern,14.4,4,Asphalt,7.4,2025-03-12,67767,17,50,B,5,4,2018,20968980.0,2026-04-26
SEG_00491,400,Northern,25.4,2,Composite,8.3,2024-11-15,166129,43,110,A,1,2,2015,38102078.0,2026-06-27
SEG_00376,11,Northern,13.2,5,Asphalt,5.2,2025-05-03,48603,27,50,B,3,4,2019,36931741.0,2026-04-07
SEG_00062,403,Durham,16.5,6,Concrete,2.8,2023-07-26,64641,11,40,A,4,2,2016,44686805.0,2026-07-07
SEG_00367,410,Durham,5.6,7,Composite,4.4,2024-04-24,143158,5,110,B,3,0,2019,30165311.0,2026-07-20
SEG_00425,11,Niagara,6.1,2,Gravel,5.2,2023-11-13,80442,31,50,D,5,5,2017,44244684.0,2026-06-05
SEG_00402,400,Durham,34.8,4,Gravel,5.7,2023-04-07,170156,1,50,A,0,8,2020,22004837.0,2026-04-25
SEG_00126,401,Niagara,14.7,2,Composite,4.0,2025-02-08,56926,19,40,A,0,3,2024,896079.0,2026-06-02
SEG_00137,7,Durham,15.4,7,Gravel,6.7,2024-04-07,22088,36,80,D,4,5,2021,10023435.0,2026-03-30
SEG_00222,7,Northern,11.8,2,Asphalt,7.0,2025-09-09,98741,44,80,D,1,10,2026,10613064.0,2026-02-08
SEG_00376,401,Ottawa,16.0,7,Asphalt,2.9,2023-10-23,126539,19,110,D,3,4,2025,30715128.0,2026-03-23
SEG_00215,403,Durham,23.1,2,Gravel,3.1,2023-11-02,135991,46,80,D,0,9,2019,35105579.0,2026-07-12
SEG_00397,69,Ottawa,1.0,3,Gravel,5.4,2023-10-30,161615,12,60,C,1,3,2028,33740684.0,2026-06-16
SEG_00337,410,Eastern,20.1,8,Gravel,9.5,2023-03-30,74816,15,40,B,5,3,2026,46465141.0,2026-03-23
SEG_00034,407,Durham,3.7,8,Asphalt,3.6,2026-03-10,35986,43,50,A,3,0,2016,28349044.0,2026-07-02
SEG_00362,400,GTA,46.0,3,Composite,5.5,2023-02-16,145154,28,40,A,2,1,2020,18070641.0,2026-03-02
SEG_00416,7,Eastern,29.3,5,Gravel,4.8,2026-03-28,96748,38,80,B,1,7,2025,49152085.0,2026-05-16
SEG_00460,403,Northern,2.4,3,Gravel,3.2,2024-06-26,145242,14,40,B,2,3,2016,28795763.0,2026-02-25
SEG_00009,410,Northern,42.5,5,Concrete,3.4,2026-06-13,26413,32,100,A,1,2,2024,36365143.0,2026-07-19
SEG_00435,7,Southwestern,29.0,3,Composite,9.9,2025-07-28,181616,31,60,C,1,10,2015,27345719.0,2026-03-11
SEG_00149,407,GTA,33.2,5,Asphalt,1.5,2024-03-31,131397,36,110,C,5,7,2017,33023783.0,2026-02-12
SEG_00277,403,Ottawa,23.8,3,Gravel,2.7,2024-06-22,197059,23,100,A,0,6,2028,37621943.0,2026-03-27
SEG_00416,QEW,Waterloo,46.7,5,Asphalt,5.8,2023-03-05,100469,19,50,C,4,5,2018,6674070.0,2026-02-28
SEG_00211,417,Northern,11.9,4,Asphalt,3.3,2025-04-02,150617,41,60,C,3,5,2029,3738492.0,2026-04-02
SEG_00332,7,Hamilton,47.9,5,Asphalt,8.2,2026-07-28,180860,2,80,B,2,1,2029,12929961.0,2026-01-26
SEG_00092,417,Durham,12.6,6,Concrete,8.3,2024-05-04,178722,38,100,C,0,2,2021,38648311.0,2026-07-16
SEG_00105,401,Durham,16.0,5,Composite,9.8,2023-05-28,193793,21,60,D,1,8,2019,12957829.0,2026-05-24
SEG_00139,404,Central,26.5,2,Composite,2.3,2024-04-13,21480,41,80,C,0,4,2016,40001189.0,2026-01-28
SEG_00448,17,Northern,26.1,6,Gravel,5.3,2024-03-31,179178,40,60,B,0,5,2017,32388006.0,2026-04-26
SEG_00272,410,Northern,19.5,5,Concrete,1.5,2024-03-31,88186,21,50,B,3,2,2021,4190748.0,2026-05-08
SEG_00459,400,Northern,30.0,4,Asphalt,3.9,2023-01-12,150549,6,110,B,3,1,2018,41240611.0,2026-02-22
SEG_00251,404,Waterloo,30.8,2,Asphalt,4.9,2023-08-04,68199,48,40,C,1,0,2023,12793666.0,2026-06-25
SEG_00466,QEW,Niagara,33.6,3,Concrete,7.5,2023-09-22,54586,10,80,A,4,1,2029,12033303.0,2026-01-30
SEG_00404,400,Durham,2.8,4,Gravel,1.6,2025-02-05,70698,35,50,D,5,4,2028,31524316.0,2026-04-06
SEG_00164,17,Eastern,22.4,2,Asphalt,3.1,2023-09-04,191310,41,110,A,5,3,2025,36991894.0,2026-06-04
SEG_00378,403,Northern,23.7,2,Gravel,6.5,2025-09-26,186161,25,100,D,1,5,2024,32979888.0,2026-06-21
SEG_00004,404,Niagara,9.7,2,Composite,9.1,2023-11-21,61128,1,50,D,0,4,2022,5445401.0,2026-01-10
SEG_00261,403,Northern,14.2,2,Concrete,7.4,2026-05-26,25439,11,100,D,5,3,2023,14754843.0,2026-01-21
SEG_00140,11,Eastern,49.4,6,Gravel,9.9,2023-06-28,101981,46,100,D,0,10,2020,15467098.0,2026-03-15
SEG_00120,404,Durham,7.1,4,Gravel,4.3,2023-12-19,173710,25,50,D,0,5,2019,39891621.0,2026-06-04
SEG_00352,417,Ottawa,38.1,2,Gravel,1.2,2023-08-16,123110,31,40,B,0,5,2023,12629845.0,2026-03-31
SEG_00335,11,Southwestern,1.3,4,Gravel,2.1,2024-10-29,145966,6,110,C,2,5,2023,7451795.0,2026-01-13
SEG_00490,404,Southwestern,44.7,8,Gravel,1.0,2023-05-14,165727,13,60,D,3,2,2019,12933043.0,2026-07-02
SEG_00196,7,Hamilton,25.8,8,Asphalt,6.9,2023-02-20,84610,18,40,C,3,8,2024,31414127.0,2026-05-30
SEG_00092,7,Eastern,43.1,6,Concrete,5.5,2024-04-01,138697,30,40,B,3,5,2015,43766229.0,2026-04-27
SEG_00247,17,Northern,24.7,6,Asphalt,8.5,2025-10-24,174178,6,40,A,0,7,2027,6515185.0,2026-04-09
SEG_00329,404,Hamilton,45.8,6,Concrete,6.8,2023-03-23,25785,43,40,A,4,4,2015,29071183.0,2026-02-18
SEG_00393,69,Niagara,38.8,6,Gravel,2.0,2024-07-29,159518,34,50,D,1,4,2019,31513208.0,2026-06-23
SEG_00159,407,Niagara,40.1,4,Concrete,7.5,2026-05-02,72372,18,100,D,4,0,2024,27382593.0,2026-01-18
SEG_00436,400,Waterloo,45.1,4,Composite,4.1,2025-02-13,61834,26,60,A,4,9,2028,20557356.0,2026-03-17
SEG_00461,410,Central,32.3,7,Concrete,4.8,2026-07-24,128430,7,40,D,3,0,2018,23929505.0,2026-01-16
SEG_00041,7,Ottawa,36.5,3,Gravel,7.2,2025-05-03,101165,21,100,A,1,3,2030,49045783.0,2026-06-01
SEG_00233,403,Hamilton,20.2,6,Composite,4.6,2025-12-01,74625,7,110,B,1,1,2025,18819855.0,2026-01-18
SEG_00315,69,Eastern,11.3,6,Gravel,4.6,2025-07-09,15795,43,40,C,5,4,2028,13641342.0,2026-07-25
SEG_00388,69,Ottawa,40.4,6,Asphalt,5.8,2023-05-25,95832,24,60,B,4,2,2018,5326253.0,2026-02-17
SEG_00053,404,Eastern,3.5,2,Asphalt,4.5,2025-06-26,68187,24,100,A,1,9,2015,23816077.0,2026-03-31
SEG_00210,401,Ottawa,11.4,7,Asphalt,7.0,2024-09-18,193673,3,80,B,3,7,2024,38198232.0,2026-01-21
SEG_00227,407,Central,16.4,5,Asphalt,8.0,2026-05-11,86049,28,80,D,1,5,2027,21080093.0,2026-04-07
SEG_00100,69,GTA,13.0,6,Composite,8.1,2025-02-27,190419,6,100,A,1,2,2015,40782381.0,2026-02-24
SEG_00373,400,Niagara,45.5,6,Asphalt,5.5,2025-11-01,184324,47,80,C,0,4,2016,1566931.0,2026-02-25
SEG_00016,403,Southwestern,46.7,7,Composite,4.8,2025-03-02,25439,5,50,B,4,8,2021,10270528.0,2026-04-20
SEG_00452,401,Niagara,22.4,6,Asphalt,1.2,2025-08-28,165370,47,40,A,5,7,2029,35389563.0,2026-07-31
SEG_00262,400,Northern,40.9,7,Asphalt,5.8,2025-12-13,53784,17,50,A,1,8,2015,20420919.0,2026-07-27
SEG_00430,410,Ottawa,10.5,6,Asphalt,9.2,2025-10-03,105615,38,50,A,0,0,2022,5544253.0,2026-06-12
SEG_00008,400,Northern,44.1,5,Concrete,3.8,2025-08-06,9209,7,110,D,3,3,2017,46102123.0,2026-05-30
SEG_00243,417,Ottawa,10.3,5,Asphalt,9.8,2025-02-13,6227,7,80,C,1,9,2016,47412292.0,2026-04-10
SEG_00067,11,Durham,5.1,4,Asphalt,1.4,2026-04-13,100199,8,60,C,5,4,2015,27468859.0,2026-05-04
SEG_00286,400,Ottawa,16.2,6,Gravel,9.9,2023-02-16,28492,16,40,A,4,9,2017,6929044.0,2026-03-26
SEG_00007,404,Hamilton,16.9,4,Asphalt,4.3,2023-04-02,176181,35,40,A,2,5,2025,17209413.0,2026-01-23
SEG_00129,11,GTA,32.0,4,Composite,9.2,2026-03-04,77009,30,80,D,2,6,2022,24789834.0,2026-02-07
SEG_00070,QEW,Southwestern,16.3,8,Asphalt,6.9,2025-08-15,119731,25,50,A,2,9,2022,3299638.0,2026-03-28
SEG_00100,401,Ottawa,13.1,3,Concrete,9.1,2023-08-13,124459,43,50,B,3,10,2024,42819210.0,2026-02-02
SEG_00322,7,Central,48.7,4,Asphalt,3.9,2023-04-25,199108,27,50,B,5,7,2030,12029418.0,2026-01-27
SEG_00282,400,Waterloo,10.3,3,Concrete,5.8,2026-07-10,59560,32,110,C,0,3,2021,44864839.0,2026-04-19
SEG_00157,403,Central,33.1,2,Composite,6.6,2026-05-17,4013,47,100,D,2,7,2029,41067095.0,2026-05-07
SEG_00327,QEW,Southwestern,15.8,3,Asphalt,4.5,2026-04-19,12830,5,40,A,4,9,2026,27201853.0,2026-04-05
SEG_00003,11,Ottawa,35.5,4,Concrete,2.4,2023-10-16,126676,24,110,A,1,4,2023,22657109.0,2026-07-11
SEG_00272,69,Durham,2.9,8,Asphalt,3.4,2023-12-25,176803,45,60,C,3,1,2020,31630283.0,2026-05-07
SEG_00240,403,Durham,0.8,7,Concrete,1.5,2026-05-12,15081,4,60,C,3,6,2016,24377104.0,2026-06-03
SEG_00233,7,Southwestern,9.2,4,Gravel,2.9,2026-03-30,182081,25,40,A,3,8,2024,42096472.0,2026-04-23
SEG_00472,69,Durham,2.6,2,Gravel,5.3,2024-08-08,167852,21,100,D,2,1,2027,31498852.0,2026-03-27
SEG_00102,QEW,Central,24.7,6,Gravel,2.2,2025-02-13,100390,4,40,C,4,3,2022,365136.0,2026-06-23
SEG_00122,11,Durham,4.9,7,Concrete,5.1,2023-09-10,126600,22,100,B,5,7,2017,36387543.0,2026-03-19
SEG_00231,11,Eastern,14.9,3,Concrete,4.5,2025-04-25,95255,45,110,C,1,3,2019,12158265.0,2026-01-17
SEG_00334,17,Hamilton,41.2,6,Composite,8.6,2026-07-29,24276,16,40,C,2,6,2028,14494015.0,2026-03-26
SEG_00101,17,Hamilton,1.8,5,Gravel,2.5,2023-08-16,141256,22,40,B,1,0,2027,16720944.0,2026-04-27
SEG_00014,17,Northern,25.1,8,Composite,8.3,2023-06-11,69237,38,100,A,1,9,2017,24197836.0,2026-07-17
SEG_00303,11,Durham,29.5,8,Concrete,7.0,2026-06-03,15562,26,110,D,5,10,2028,38841315.0,2026-02-15
SEG_00254,400,Niagara,47.7,2,Composite,7.1,2023-07-11,103076,49,40,A,1,0,2017,13469554.0,2026-03-23
SEG_00322,17,GTA,18.5,2,Gravel,8.6,2026-05-23,45873,8,110,B,0,4,2017,18390541.0,2026-05-10
SEG_00155,17,Ottawa,39.4,3,Asphalt,7.1,2024-07-13,127729,0,110,C,4,10,2015,25729395.0,2026-03-30
SEG_00444,417,Southwestern,4.2,4,Asphalt,3.6,2025-06-02,97153,34,60,D,2,1,2024,47498629.0,2026-02-03
SEG_00006,403,Ottawa,46.0,3,Asphalt,8.2,2024-10-15,111258,6,80,B,3,5,2029,24135819.0,2026-02-09
SEG_00482,403,Waterloo,47.5,8,Composite,9.2,2023-02-28,16315,11,100,C,2,10,2019,41193668.0,2026-02-13
SEG_00117,7,Central,46.6,5,Asphalt,8.9,2026-03-28,2198,15,50,B,5,7,2017,44351356.0,2026-04-24
SEG_00485,417,Niagara,19.3,8,Asphalt,9.6,2024-03-05,79762,8,50,A,5,9,2029,26157480.0,2026-01-30
SEG_00480,11,Southwestern,18.2,7,Gravel,5.6,2023-03-26,142744,43,80,B,5,6,2017,9148040.0,2026-06-11
SEG_00216,401,Northern,36.3,8,Concrete,6.2,2024-01-29,52769,23,40,C,5,9,2022,19406502.0,2026-04-25
SEG_00238,417,Eastern,49.6,6,Gravel,5.3,2023-09-28,115434,9,80,A,2,6,2017,13707490.0,2026-05-23
SEG_00316,403,Eastern,15.4,7,Asphalt,1.8,2026-07-22,108060,45,50,B,4,10,2024,43361146.0,2026-03-27
SEG_00026,7,Hamilton,21.2,6,Composite,8.3,2023-07-13,161629,44,40,A,1,3,2020,26991223.0,2026-01-04
SEG_00256,11,Durham,14.3,2,Composite,9.9,2023-02-18,189279,9,110,C,5,5,2017,28983671.0,2026-05-29
SEG_00057,QEW,Eastern,46.9,3,Asphalt,4.7,2025-07-28,184698,45,60,D,5,2,2029,36866303.0,2026-05-22
SEG_00473,7,Hamilton,23.4,7,Asphalt,8.8,2023-07-01,185860,32,110,B,2,10,2016,19355419.0,2026-04-10
SEG_00364,410,Eastern,12.3,5,Concrete,7.5,2023-02-16,25094,36,110,D,2,7,2020,15125120.0,2026-07-12
SEG_00215,69,Hamilton,14.3,8,Composite,5.8,2025-11-15,96630,2,110,A,3,2,2028,3456926.0,2026-03-12
SEG_00407,7,Ottawa,16.0,7,Asphalt,3.2,2025-11-29,14298,11,50,C,5,1,2030,17906881.0,2026-01-13
SEG_00315,407,Northern,7.1,4,Asphalt,4.0,2025-10-14,67393,50,60,C,2,0,2016,31048706.0,2026-04-07
SEG_00051,11,Ottawa,48.9,6,Asphalt,8.8,2023-10-10,83241,49,60,A,2,7,2029,47620412.0,2026-05-04
SEG_00467,17,Waterloo,0.5,4,Gravel,3.8,2025-03-28,9336,7,60,C,4,8,2020,24815899.0,2026-07-26
SEG_00018,410,Durham,28.1,5,Gravel,8.0,2024-04-13,51705,23,110,D,2,10,2026,28764041.0,2026-06-15
SEG_00263,7,Southwestern,24.5,4,Gravel,7.7,2024-06-12,26458,15,110,B,3,0,2024,41221068.0,2026-03-16
SEG_00117,410,Northern,31.2,3,Asphalt,6.8,2025-04-09,18197,44,110,A,2,2,2030,7282060.0,2026-04-26
SEG_00108,7,Northern,44.3,3,Composite,8.6,2023-02-24,123338,26,60,C,4,0,2022,31235219.0,2026-05-16
SEG_00169,69,Durham,34.8,5,Concrete,6.8,2023-05-04,5034,0,50,B,5,4,2017,14370728.0,2026-02-07
SEG_00103,410,Eastern,48.9,4,Gravel,6.7,2025-01-12,93835,6,60,B,5,0,2022,12142742.0,2026-03-02
SEG_00117,QEW,Waterloo,1.2,8,Gravel,4.4,2026-04-13,185208,15,110,D,5,7,2025,44615737.0,2026-07-11
SEG_00262,17,Southwestern,48.9,8,Composite,8.7,2025-06-02,153035,19,40,C,4,6,2029,32859643.0,2026-07-23
SEG_00182,401,Ottawa,31.5,7,Composite,1.7,2026-01-28,21687,11,100,D,0,6,2023,18066760.0,2026-03-29
SEG_00185,17,Southwestern,26.8,8,Concrete,7.3,2024-08-02,65113,8,50,B,5,10,2015,35049353.0,2026-06-10
SEG_00334,7,Hamilton,22.9,4,Gravel,4.6,2023-09-15,153660,24,100,B,2,7,2020,4756561.0,2026-03-27
SEG_00403,400,Durham,13.9,2,Gravel,4.1,2023-04-08,10310,38,80,B,2,2,2015,1942004.0,2026-04-10
SEG_00100,404,Eastern,28.1,6,Composite,8.7,2023-04-28,11992,31,100,A,0,3,2018,30901696.0,2026-05-23
SEG_00192,400,Southwestern,19.0,8,Asphalt,8.2,2025-04-22,26691,34,80,C,0,8,2026,38703261.0,2026-06-08
SEG_00366,410,Southwestern,25.2,5,Gravel,5.4,2024-05-22,131201,22,40,D,5,10,2017,2967059.0,2026-02-05
SEG_00263,17,Durham,10.6,3,Concrete,7.6,2024-07-30,121571,41,110,D,5,2,2016,37293625.0,2026-02-27
SEG_00159,7,Northern,26.2,6,Asphalt,1.9,2025-12-31,43219,31,80,D,1,2,2023,35842045.0,2026-01-06
SEG_00429,401,Waterloo,12.8,2,Gravel,3.4,2025-08-04,184998,0,100,C,2,2,2019,41146157.0,2026-03-01
SEG_00416,417,Ottawa,33.5,7,Gravel,5.5,2026-01-21,76342,10,100,B,5,8,2021,1157307.0,2026-01-20
SEG_00192,407,Eastern,11.4,5,Asphalt,3.8,2024-09-15,59081,16,60,B,5,9,2020,23577311.0,2026-04-10
SEG_00412,404,Northern,3.7,8,Gravel,1.6,2024-04-26,169849,15,110,B,4,8,2021,13070285.0,2026-07-16
SEG_00103,17,Hamilton,26.1,8,Gravel,9.5,2024-10-12,66003,30,60,B,2,4,2021,14554188.0,2026-03-29
SEG_00362,11,Waterloo,31.9,2,Gravel,7.5,2023-01-01,65081,33,80,B,0,7,2019,5242206.0,2026-02-11
SEG_00218,11,Durham,30.5,8,Gravel,1.1,2025-02-19,125848,23,60,A,2,7,2028,27095005.0,2026-03-25
SEG_00125,407,Southwestern,10.6,4,Composite,5.2,2026-02-03,139543,41,40,B,1,2,2026,40361513.0,2026-04-07
SEG_00330,403,Central,48.1,2,Gravel,5.2,2025-11-19,102745,42,50,C,4,8,2020,20998955.0,2026-05-06
SEG_00248,410,Eastern,29.4,6,Concrete,1.1,2023-01-28,57044,43,60,C,3,4,2030,39500835.0,2026-06-07
SEG_00059,17,Ottawa,31.7,8,Concrete,3.5,2025-06-13,67035,29,110,C,0,0,2015,18422672.0,2026-01-26
SEG_00208,401,Durham,14.7,4,Composite,1.1,2025-06-18,165621,3,80,D,0,8,2026,39376614.0,2026-02-10
SEG_00080,404,Northern,30.8,5,Concrete,6.7,2024-06-23,168696,3,110,A,0,4,2027,8397834.0,2026-02-22
SEG_00275,7,Central,36.7,5,Gravel,8.8,2026-05-21,77602,15,40,A,3,0,2023,26933422.0,2026-05-25
SEG_00100,410,Hamilton,9.5,8,Gravel,5.1,2025-03-31,76709,25,100,A,0,9,2023,25028306.0,2026-03-25
SEG_00496,11,Waterloo,6.1,3,Composite,6.2,2025-04-05,37086,26,110,A,4,3,2021,10837968.0,2026-04-23
SEG_00098,417,Ottawa,40.5,3,Concrete,5.4,2025-11-06,130149,16,80,A,5,8,2030,7091381.0,2026-02-12
SEG_00327,407,Waterloo,36.7,6,Gravel,9.5,2024-08-19,49096,45,110,B,4,2,2021,21457666.0,2026-03-28
SEG_00208,QEW,Central,43.1,4,Concrete,1.0,2023-02-03,83725,43,50,D,4,5,2023,18351634.0,2026-01-25
SEG_00095,17,Waterloo,35.7,5,Composite,2.2,2025-10-25,59649,2,50,D,2,9,2030,15788513.0,2026-02-24
SEG_00322,407,Ottawa,7.7,3,Concrete,7.4,2026-05-12,21872,16,40,B,3,2,2020,29491541.0,2026-06-29
SEG_00140,417,Hamilton,4.3,5,Gravel,5.6,2024-12-07,165933,15,60,D,4,3,2019,26327101.0,2026-06-08
SEG_00474,7,Northern,27.5,3,Composite,5.5,2024-04-10,177839,24,60,B,4,0,2023,24275482.0,2026-04-06
SEG_00150,17,GTA,4.9,5,Concrete,4.6,2025-07-14,5458,44,50,D,5,3,2017,42690578.0,2026-06-27
SEG_00057,404,Hamilton,15.7,4,Composite,4.6,2023-11-16,76790,14,50,C,2,9,2026,29036305.0,2026-07-27
SEG_00401,QEW,Hamilton,36.8,5,Asphalt,7.1,2025-06-12,25269,23,40,B,0,10,2026,35476007.0,2026-07-05
SEG_00053,11,Hamilton,7.5,8,Gravel,9.2,2025-08-05,168746,7,40,D,5,8,2018,49783956.0,2026-01-15
SEG_00396,7,Waterloo,7.4,2,Composite,5.6,2026-06-23,5682,28,40,A,3,0,2023,34640499.0,2026-03-12
SEG_00461,407,Hamilton,12.9,2,Asphalt,6.0,2025-12-23,165054,0,100,A,0,2,2028,29911712.0,2026-06-18
SEG_00194,69,Niagara,30.9,3,Gravel,1.2,2024-05-09,150447,43,100,B,0,0,2020,26302721.0,2026-03-17
SEG_00122,401,Eastern,37.3,2,Gravel,9.0,2023-07-19,53407,48,110,B,2,3,2022,37056597.0,2026-03-03
SEG_00209,407,Hamilton,22.1,6,Concrete,5.1,2025-03-29,14131,16,110,B,5,5,2027,48575323.0,2026-02-12
SEG_00012,407,Hamilton,5.0,5,Composite,8.3,2023-02-27,54212,14,100,C,2,5,2024,2409639.0,2026-02-23
SEG_00246,403,Eastern,39.7,8,Composite,2.4,2026-01-01,34321,4,110,A,0,9,2023,7844170.0,2026-06-09
SEG_00414,QEW,Durham,9.1,3,Asphalt,7.5,2023-11-14,37037,45,100,B,0,4,2030,24163662.0,2026-02-22
SEG_00257,400,Ottawa,11.7,8,Gravel,7.7,2025-05-06,99241,42,110,C,0,0,2027,31173815.0,2026-02-13
SEG_00235,417,Southwestern,4.9,7,Asphalt,9.9,2023-08-09,150359,3,100,D,4,1,2022,22083303.0,2026-06-23
SEG_00056,417,GTA,28.8,7,Concrete,7.6,2025-01-27,32010,4,60,D,0,7,2021,20881777.0,2026-01-18
SEG_00439,7,Central,29.6,6,Composite,7.4,2025-10-22,47927,6,60,A,1,7,2024,30138012.0,2026-04-02
SEG_00363,QEW,Ottawa,14.0,8,Concrete,8.9,2024-11-16,196835,2,110,C,2,5,2028,20134384.0,2026-05-06
SEG_00477,404,Waterloo,16.0,2,Composite,5.4,2024-04-09,19021,8,80,B,3,1,2016,42095051.0,2026-05-05
SEG_00306,410,Ottawa,38.1,6,Composite,2.1,2023-10-29,93857,33,40,A,0,0,2029,28552443.0,2026-03-18
SEG_00484,410,Niagara,19.4,8,Composite,5.6,2025-01-10,63296,35,40,A,2,9,2026,34188975.0,2026-07-16
SEG_00222,QEW,Northern,5.4,2,Asphalt,6.3,2023-10-28,5508,43,80,C,0,9,2030,43223326.0,2026-01-25
SEG_00416,403,Durham,25.3,7,Gravel,6.5,2024-06-14,11406,21,60,B,0,5,2015,19464866.0,2026-06-04
SEG_00151,69,Niagara,15.1,8,Asphalt,5.4,2024-03-01,30443,42,80,B,0,6,2019,46433282.0,2026-04-25
SEG_00156,17,Eastern,7.8,6,Concrete,7.7,2023-02-03,19359,47,110,C,2,10,2021,21287695.0,2026-03-09
SEG_00173,17,Ottawa,6.9,8,Gravel,3.7,2025-03-21,183338,19,60,C,4,10,2018,6818548.0,2026-04-26
SEG_00283,410,Eastern,2.2,3,Asphalt,6.2,2023-10-02,103452,19,60,D,3,0,2017,5191843.0,2026-03-19
SEG_00389,417,Southwestern,40.9,8,Concrete,9.7,2023-02-19,45091,0,80,C,5,5,2018,13090015.0,2026-05-26
SEG_00265,QEW,Eastern,9.3,8,Concrete,8.7,2023-09-10,185159,50,80,C,1,0,2015,36792937.0,2026-01-10
SEG_00133,69,Waterloo,45.7,2,Composite,9.4,2026-07-13,114389,46,80,D,0,4,2019,19402479.0,2026-07-31
SEG_00406,QEW,GTA,19.1,6,Asphalt,4.5,2024-07-29,165398,1,40,B,5,1,2027,38360472.0,2026-02-14
SEG_00109,417,Southwestern,35.7,4,Composite,2.4,2024-12-29,68615,8,50,D,2,0,2028,11209601.0,2026-03-19
SEG_00130,401,Niagara,42.1,5,Concrete,5.7,2026-04-07,81487,21,50,C,5,2,2025,20430438.0,2026-07-05
SEG_00342,401,GTA,40.5,3,Composite,6.4,2025-04-10,177441,8,100,D,2,0,2028,42990658.0,2026-06-23
SEG_00433,400,Niagara,9.3,6,Gravel,6.9,2026-04-04,37668,13,110,B,5,9,2030,18690692.0,2026-07-08
SEG_00006,403,Waterloo,31.5,2,Asphalt,4.5,2025-09-25,70443,15,80,C,4,6,2029,24649037.0,2026-02-22
SEG_00043,410,Waterloo,21.4,3,Concrete,3.8,2025-12-27,39076,4,100,A,1,1,2025,4532464.0,2026-01-30
SEG_00395,11,Southwestern,25.1,7,Concrete,8.3,2025-11-26,32385,2,110,A,3,3,2022,46354316.0,2026-07-06
SEG_00315,403,GTA,4.8,7,Composite,5.3,2025-04-26,16922,9,50,C,1,10,2017,17283892.0,2026-03-28
SEG_00386,11,Southwestern,17.7,2,Asphalt,9.4,2024-07-11,55791,24,40,D,0,7,2030,35259201.0,2026-02-01
SEG_00106,401,Eastern,4.4,3,Composite,4.9,2023-09-15,88136,27,110,B,1,7,2019,32708226.0,2026-07-29
SEG_00170,69,Waterloo,9.1,7,Composite,4.8,2024-12-25,2629,13,40,C,0,0,2022,1664306.0,2026-01-01
SEG_00493,69,Hamilton,20.9,3,Asphalt,8.1,2023-02-03,122728,12,50,D,1,3,2023,6432256.0,2026-07-08
SEG_00013,404,GTA,48.8,4,Asphalt,2.2,2025-08-04,67618,5,110,B,3,5,2023,11822397.0,2026-04-06
SEG_00321,407,Northern,42.4,5,Gravel,4.0,2026-02-23,57223,29,50,D,3,9,2026,49729716.0,2026-04-20
SEG_00011,11,Northern,15.2,4,Asphalt,2.0,2023-04-24,73199,11,50,A,1,1,2025,25722425.0,2026-07-16
SEG_00124,417,Central,42.0,4,Gravel,2.9,2026-03-17,42977,39,80,C,1,9,2029,36690378.0,2026-03-17
SEG_00073,403,Eastern,43.4,2,Composite,3.3,2024-01-28,149299,29,40,A,3,10,2017,5331389.0,2026-07-11
SEG_00382,407,Eastern,10.6,6,Concrete,6.9,2024-06-07,176272,13,60,B,4,10,2021,31383925.0,2026-05-21
SEG_00166,404,Southwestern,8.0,3,Asphalt,1.8,2025-06-28,123289,37,60,A,4,0,2025,31912748.0,2026-07-11
SEG_00431,417,Waterloo,1.3,8,Composite,1.6,2026-03-30,1639,30,80,B,4,4,2018,6863697.0,2026-02-19
SEG_00208,401,Ottawa,6.1,3,Composite,6.5,2025-09-09,151136,13,100,A,3,1,2016,4825816.0,2026-04-05
SEG_00400,410,Northern,17.1,4,Composite,4.9,2024-09-06,198691,32,100,C,2,4,2019,40795981.0,2026-02-21
SEG_00036,QEW,GTA,18.6,7,Gravel,3.0,2025-06-05,198278,19,60,D,3,6,2019,11770073.0,2026-01-15
SEG_00191,400,Eastern,3.4,8,Asphalt,1.5,2023-03-28,21110,0,110,B,2,3,2020,17842955.0,2026-01-26
SEG_00121,11,Niagara,41.9,7,Concrete,1.9,2025-10-06,198330,26,50,B,0,0,2029,37446948.0,2026-02-01
SEG_00343,407,Niagara,25.8,7,Asphalt,6.2,2023-10-03,94986,18,60,B,0,6,2020,35612151.0,2026-01-20
SEG_00237,404,Waterloo,36.5,7,Concrete,3.1,2025-06-05,98213,4,80,D,4,2,2024,46068287.0,2026-01-25
SEG_00045,QEW,GTA,42.4,7,Concrete,5.7,2024-09-09,142586,27,110,A,3,4,2030,38025310.0,2026-06-27
SEG_00033,407,Central,9.6,8,Concrete,8.0,2024-05-23,26943,36,50,C,5,1,2022,17646165.0,2026-05-13
SEG_00060,7,Durham,32.8,8,Asphalt,7.7,2023-08-28,121176,24,60,D,0,10,2029,30128020.0,2026-06-28
SEG_00321,407,Southwestern,3.1,6,Asphalt,3.6,2026-05-09,135585,41,80,B,2,10,2025,44762171.0,2026-04-05
SEG_00083,403,Eastern,9.6,5,Gravel,2.2,2024-02-12,45034,18,50,B,1,2,2016,20509198.0,2026-01-14
SEG_00206,7,Niagara,40.4,2,Gravel,1.4,2026-06-30,6425,12,110,A,0,8,2027,46046958.0,2026-02-05
SEG_00006,403,Durham,15.1,6,Gravel,8.4,2023-09-21,199744,33,40,A,4,8,2029,6991196.0,2026-06-08
SEG_00481,11,Northern,23.9,7,Composite,2.4,2024-07-08,150350,18,40,B,3,9,2025,19295299.0,2026-02-27
SEG_00243,17,Ottawa,43.6,4,Asphalt,1.8,2025-11-07,148503,20,80,C,4,3,2015,34833759.0,2026-04-05
SEG_00091,69,Eastern,12.3,4,Gravel,3.2,2026-06-30,176127,25,50,B,2,8,2018,43857023.0,2026-03-10
SEG_00434,401,Niagara,37.9,5,Gravel,4.2,2023-04-03,116141,34,80,C,0,9,2029,24633597.0,2026-04-29
SEG_00238,407,Hamilton,6.6,7,Gravel,8.3,2023-12-19,34520,30,110,B,2,4,2018,4007289.0,2026-05-23
SEG_00081,417,Northern,40.6,2,Asphalt,8.8,2024-05-22,105468,22,100,C,3,7,2025,24169991.0,2026-06-05
SEG_00489,17,Central,33.9,4,Asphalt,8.4,2023-10-03,129664,3,60,A,2,1,2029,38372178.0,2026-01-20
SEG_00219,69,Ottawa,43.6,3,Gravel,6.5,2023-05-05,103080,38,40,D,0,10,2015,6466028.0,2026-06-22
SEG_00086,17,Southwestern,16.6,6,Gravel,5.0,2026-02-06,172748,20,40,D,1,1,2026,27625623.0,2026-02-03
SEG_00270,410,Eastern,8.8,3,Concrete,8.9,2023-06-20,153064,5,80,C,5,4,2028,24111981.0,2026-07-29
SEG_00255,417,Waterloo,26.0,6,Concrete,3.3,2025-03-06,83534,41,60,B,0,2,2016,8207076.0,2026-03-22
SEG_00124,404,Eastern,26.9,2,Concrete,8.6,2026-05-09,45860,16,110,C,5,2,2025,15428653.0,2026-07-23
SEG_00329,417,Niagara,7.9,6,Composite,5.7,2024-03-21,30004,24,80,B,5,2,2023,17556708.0,2026-07-19
SEG_00266,69,Niagara,46.0,7,Asphalt,3.4,2025-12-10,86750,47,80,D,4,4,2015,34399493.0,2026-06-12
SEG_00342,7,Durham,15.1,4,Asphalt,8.8,2023-04-01,158709,40,100,B,4,5,2026,20359071.0,2026-05-07
SEG_00376,11,Northern,8.2,5,Asphalt,6.3,2023-02-05,194565,35,80,D,0,0,2026,35820960.0,2026-01-01
SEG_00462,QEW,Central,38.7,5,Concrete,5.3,2026-03-05,110583,41,40,A,1,8,2028,29413949.0,2026-02-05
SEG_00091,403,GTA,25.2,3,Concrete,7.8,2025-09-20,126251,35,100,B,5,10,2030,20877345.0,2026-04-29
SEG_00251,400,Hamilton,48.2,4,Asphalt,8.0,2025-12-18,20430,31,60,A,3,3,2025,48365947.0,2026-06-16
SEG_00449,410,Northern,41.2,4,Gravel,8.8,2024-09-13,28873,17,40,A,3,7,2016,44709510.0,2026-06-01
SEG_00035,69,Eastern,40.8,5,Asphalt,8.4,2024-10-25,101371,44,50,A,0,8,2028,5069763.0,2026-01-25
SEG_00153,17,Central,6.3,8,Composite,8.0,2023-09-22,101245,44,50,D,2,9,2027,5664263.0,2026-02-21
SEG_00161,400,Northern,50.0,3,Concrete,1.6,2023-11-20,41148,12,60,C,4,0,2017,13517273.0,2026-04-14
SEG_00020,11,Ottawa,34.5,4,Composite,5.7,2024-03-22,136249,0,60,D,4,4,2017,35995124.0,2026-07-24
SEG_00494,404,Eastern,6.9,6,Concrete,3.4,2024-08-03,29779,0,100,B,3,1,2024,26420164.0,2026-02-16
SEG_00458,400,Ottawa,45.3,6,Gravel,4.8,2024-06-08,94637,13,60,B,3,2,2026,43371674.0,2026-05-07
SEG_00378,69,GTA,37.3,3,Gravel,9.4,2023-11-11,173025,34,110,B,2,4,2027,18815933.0,2026-02-23
SEG_00039,69,Northern,31.6,2,Concrete,9.4,2026-03-19,194522,14,40,C,5,2,2030,23503267.0,2026-02-19
SEG_00345,407,Waterloo,5.2,8,Gravel,8.9,2024-05-20,80720,11,40,B,1,9,2029,39482675.0,2026-04-21
SEG_00453,17,Hamilton,29.6,4,Composite,5.9,2024-07-28,180378,21,100,B,0,0,2015,7774292.0,2026-06-06
SEG_00376,7,Eastern,38.5,6,Composite,1.2,2024-12-01,196818,7,100,A,1,3,2020,40993102.0,2026-07-06
SEG_00096,17,Southwestern,14.1,8,Concrete,7.4,2024-07-28,81996,47,50,C,5,9,2017,28338229.0,2026-03-08
SEG_00471,417,Eastern,48.8,5,Concrete,5.3,2024-10-23,108697,10,80,A,1,1,2022,20650409.0,2026-02-08
SEG_00322,401,Ottawa,47.2,5,Composite,3.7,2026-07-22,58039,19,60,D,5,7,2019,47459756.0,2026-06-11
SEG_00239,17,Waterloo,44.7,8,Gravel,6.6,2023-10-16,145959,29,50,D,1,7,2019,39708144.0,2026-06-22
SEG_00116,400,Ottawa,11.3,5,Composite,5.9,2025-01-17,146906,8,50,B,2,3,2024,7123129.0,2026-04-12
SEG_00419,407,Southwestern,21.2,8,Asphalt,6.8,2023-06-08,21924,15,110,B,1,5,2015,49149971.0,2026-01-24
SEG_00111,410,Ottawa,7.3,6,Gravel,8.9,2026-06-09,160194,46,40,B,3,10,2022,33164444.0,2026-04-26
SEG_00214,QEW,GTA,44.4,7,Composite,9.5,2024-09-10,47457,2,80,A,1,10,2019,25879483.0,2026-01-24
SEG_00010,410,Eastern,0.8,7,Asphalt,4.5,2024-05-23,163569,12,110,B,0,2,2017,20763195.0,2026-06-01
SEG_00035,404,Durham,42.1,7,Gravel,2.8,2023-02-13,133988,33,100,C,2,7,2024,24731579.0,2026-04-10
SEG_00226,400,Central,0.6,5,Composite,7.3,2023-12-24,118539,14,80,C,5,10,2019,102636.0,2026-07-08
SEG_00460,11,GTA,21.1,4,Asphalt,3.2,2025-02-07,129380,41,100,D,2,4,2016,43288502.0,2026-02-19
SEG_00043,11,Southwestern,2.4,5,Composite,6.3,2024-07-11,159207,42,60,B,3,8,2019,14107646.0,2026-06-14
SEG_00483,404,Southwestern,42.4,3,Asphalt,5.8,2023-12-31,19689,45,110,B,0,10,2019,16103795.0,2026-04-22
SEG_00469,17,Niagara,35.5,2,Composite,7.0,2024-07-24,68474,15,100,D,0,7,2021,2185399.0,2026-01-30
SEG_00463,417,Eastern,44.6,8,Gravel,6.3,2023-08-09,132566,39,100,D,0,8,2024,27240365.0,2026-02-23
SEG_00087,QEW,Waterloo,10.6,2,Composite,5.9,2023-03-31,14084,27,80,C,1,3,2026,19499065.0,2026-05-02
SEG_00075,403,Southwestern,11.2,6,Concrete,6.6,2026-02-13,152627,10,60,A,4,1,2018,5023880.0,2026-04-14
SEG_00008,11,Ottawa,44.3,4,Concrete,1.1,2026-06-23,153039,25,60,C,1,1,2029,15996231.0,2026-06-29
SEG_00491,400,Central,32.0,5,Composite,6.4,2025-01-30,9677,46,110,A,5,0,2029,10179302.0,2026-07-11
SEG_00451,11,GTA,1.7,4,Asphalt,8.0,2026-07-29,42061,14,80,D,3,4,2019,22768661.0,2026-07-30
SEG_00388,7,Northern,2.8,8,Composite,9.8,2025-02-26,110587,5,80,A,4,7,2023,19223145.0,2026-02-13
SEG_00295,11,GTA,15.2,8,Concrete,4.8,2025-06-26,146740,46,50,A,3,1,2029,42171342.0,2026-04-14
SEG_00332,11,Durham,23.5,5,Concrete,4.6,2023-03-30,120227,9,60,A,1,10,2021,15128200.0,2026-03-07
SEG_00333,410,Eastern,41.1,5,Asphalt,5.3,2024-11-05,84955,50,80,B,1,9,2020,10527017.0,2026-04-04
SEG_00497,17,Northern,47.3,5,Composite,7.8,2024-10-07,138687,33,80,A,3,4,2024,30205413.0,2026-07-10
SEG_00365,404,Northern,3.2,8,Concrete,7.5,2025-09-28,187163,44,60,C,4,7,2027,38036768.0,2026-04-28
SEG_00198,400,Ottawa,49.2,3,Asphalt,6.5,2023-11-11,19713,36,100,B,4,6,2019,42469955.0,2026-01-23
SEG_00497,417,Central,44.8,5,Composite,5.5,2025-11-22,163844,32,100,B,5,10,2022,42467220.0,2026-04-02
SEG_00230,69,Niagara,31.4,2,Concrete,6.6,2023-01-15,175618,21,100,D,4,1,2025,41122601.0,2026-02-26
SEG_00424,7,Northern,18.9,4,Concrete,9.7,2025-04-16,22163,40,80,C,0,0,2025,12633509.0,2026-07-25
SEG_00007,403,Central,7.4,2,Gravel,4.2,2026-04-03,73887,29,110,C,5,8,2017,44217961.0,2026-03-03
SEG_00203,401,Hamilton,8.0,6,Composite,8.6,2023-05-30,116529,34,60,C,5,4,2021,30954033.0,2026-06-30
SEG_00356,407,Southwestern,15.8,5,Composite,2.2,2024-05-02,54363,21,60,C,4,4,2023,37637837.0,2026-03-01
SEG_00461,11,GTA,42.4,3,Composite,6.1,2024-12-21,41930,26,110,D,1,6,2019,30551047.0,2026-02-04
SEG_00294,7,Waterloo,40.2,5,Asphalt,3.2,2023-03-08,58542,12,60,D,5,10,2019,32857121.0,2026-08-01
SEG_00469,7,Southwestern,9.5,4,Gravel,5.2,2025-11-20,69706,39,80,B,0,2,2019,16681081.0,2026-05-20
SEG_00124,407,Niagara,42.4,6,Composite,3.6,2026-01-14,98692,5,110,B,4,3,2016,33935071.0,2026-06-19
SEG_00096,QEW,Northern,27.8,2,Concrete,5.2,2025-10-10,50245,3,60,C,3,3,2018,21229683.0,2026-06-01
SEG_00347,69,GTA,18.1,2,Asphalt,2.7,2024-05-03,128329,46,100,D,2,3,2015,4607357.0,2026-01-12
SEG_00129,404,Ottawa,25.8,8,Asphalt,2.3,2023-05-03,183219,0,100,A,5,8,2022,23759962.0,2026-03-30
SEG_00500,11,Hamilton,1.9,7,Composite,2.8,2024-03-10,126752,48,40,D,3,5,2016,5199822.0,2026-02-22
SEG_00462,11,Niagara,10.9,5,Composite,2.2,2024-06-29,144227,49,80,C,0,10,2029,11138006.0,2026-02-25
SEG_00215,401,Southwestern,0.6,3,Gravel,2.3,2024-06-01,167299,1,110,B,2,1,2028,28284703.0,2026-03-24
SEG_00050,410,Eastern,17.6,3,Gravel,9.4,2024-08-25,127045,19,40,B,5,8,2023,4574500.0,2026-06-16
SEG_00428,QEW,Southwestern,5.3,6,Gravel,2.6,2025-12-06,120829,48,80,B,4,2,2024,26447758.0,2026-04-25
SEG_00439,410,Eastern,47.1,2,Asphalt,1.1,2023-08-15,161610,29,100,A,5,4,2030,6285944.0,2026-06-20
SEG_00275,17,Central,46.1,5,Composite,2.7,2026-04-30,14652,8,110,C,0,6,2020,24681439.0,2026-06-24
SEG_00104,QEW,GTA,19.5,4,Gravel,1.2,2026-07-16,67251,19,110,C,2,5,2021,22678240.0,2026-01-24
SEG_00106,404,Northern,7.5,8,Gravel,1.7,2023-11-19,162663,34,110,D,5,6,2026,36713018.0,2026-03-04
SEG_00170,407,Hamilton,14.3,6,Gravel,7.3,2023-03-05,174417,35,50,A,5,10,2030,23709907.0,2026-02-02
SEG_00365,403,Hamilton,32.2,8,Asphalt,4.3,2023-05-21,174831,4,110,A,1,7,2030,3295784.0,2026-05-03
SEG_00031,11,Central,23.0,2,Gravel,4.4,2023-12-30,133323,6,110,A,0,8,2029,33893284.0,2026-05-26
SEG_00398,417,Ottawa,31.2,3,Asphalt,5.8,2024-10-29,6005,4,40,B,5,6,2024,37814397.0,2026-06-05
SEG_00062,410,Niagara,44.1,7,Gravel,8.0,2025-11-10,127340,47,40,D,4,7,2030,15476807.0,2026-05-09
SEG_00421,410,Southwestern,17.4,2,Asphalt,5.1,2025-06-23,170560,41,60,B,2,10,2024,43234933.0,2026-04-09
SEG_00377,7,Northern,49.2,5,Composite,9.7,2024-06-19,91387,44,40,B,0,7,2022,19001352.0,2026-01-26
SEG_00438,403,Hamilton,34.1,7,Gravel,5.7,2024-11-17,195414,19,60,D,5,2,2026,17812467.0,2026-07-30
SEG_00445,17,Eastern,17.6,4,Gravel,5.8,2024-08-02,57405,1,60,B,0,9,2027,32136313.0,2026-03-04
SEG_00123,QEW,Eastern,10.0,6,Composite,8.1,2023-06-22,29602,4,60,C,3,9,2017,40138108.0,2026-02-22
SEG_00155,407,Southwestern,38.7,4,Composite,1.2,2024-05-10,53234,43,80,B,0,5,2019,8086273.0,2026-03-24
SEG_00077,404,Southwestern,28.0,2,Concrete,4.0,2024-10-09,108724,42,110,B,3,10,2021,43443510.0,2026-02-07
SEG_00496,7,Northern,39.1,5,Asphalt,4.6,2024-01-14,13638,42,40,A,3,8,2018,19248567.0,2026-06-23
SEG_00061,401,GTA,36.9,7,Gravel,6.0,2025-08-18,4209,45,50,C,1,1,2019,8912955.0,2026-01-25
SEG_00444,410,Waterloo,9.7,2,Gravel,4.5,2025-01-25,139802,11,80,D,1,9,2023,46743920.0,2026-01-05
SEG_00114,401,Eastern,7.8,6,Concrete,6.7,2026-05-05,35189,17,40,C,5,1,2023,12002530.0,2026-04-10
SEG_00455,407,Waterloo,3.9,8,Gravel,3.5,2024-09-10,158629,48,80,B,2,1,2027,29458843.0,2026-05-23
SEG_00216,417,Hamilton,21.9,4,Gravel,4.3,2026-02-23,15036,43,100,C,3,4,2018,46386547.0,2026-02-10
SEG_00160,QEW,Niagara,26.2,2,Concrete,6.5,2023-07-22,97993,36,40,D,3,2,2023,18838480.0,2026-04-21
SEG_00230,QEW,Northern,23.3,3,Concrete,6.4,2025-04-23,179509,16,100,D,4,3,2015,49312297.0,2026-06-14
SEG_00453,69,Durham,17.6,2,Composite,9.6,2023-11-09,170890,2,100,A,0,1,2018,9900457.0,2026-02-20
SEG_00235,407,Eastern,48.2,6,Concrete,7.6,2025-11-15,58352,0,50,A,0,8,2029,25838180.0,2026-01-01
SEG_00146,407,Durham,31.8,4,Composite,7.0,2024-01-27,65869,45,50,D,2,6,2018,32535209.0,2026-05-28
SEG_00100,400,Eastern,5.0,6,Gravel,7.9,2023-09-28,90199,26,40,C,1,9,2022,27702742.0,2026-01-29
SEG_00443,401,Central,49.5,7,Concrete,3.5,2023-03-17,199074,5,60,A,5,10,2029,9426380.0,2026-03-29
SEG_00454,17,Southwestern,38.2,5,Gravel,1.6,2026-05-18,127228,31,50,D,0,3,2015,36533958.0,2026-07-02
SEG_00203,17,Niagara,21.3,7,Asphalt,2.6,2025-05-09,124443,22,100,B,5,2,2030,40189428.0,2026-01-21
SEG_00221,17,GTA,26.5,5,Composite,9.9,2025-06-12,90050,43,110,C,4,6,2028,7483726.0,2026-06-04
SEG_00267,401,Durham,5.2,7,Concrete,4.4,2026-05-17,38532,18,50,B,2,9,2024,4365696.0,2026-06-01
SEG_00366,400,Durham,10.7,7,Composite,5.4,2024-10-17,85708,28,100,B,5,9,2027,49157020.0,2026-05-11
SEG_00115,404,GTA,45.3,7,Concrete,3.0,2024-04-09,46215,36,110,D,0,0,2017,31339111.0,2026-06-19
SEG_00241,17,Central,33.7,3,Composite,2.8,2025-10-30,188453,37,110,B,0,10,2020,24703467.0,2026-03-11
SEG_00405,69,Ottawa,43.4,3,Composite,5.2,2026-07-22,18580,44,60,D,5,5,2020,3209342.0,2026-07-28
SEG_00263,410,Northern,45.5,3,Composite,6.5,2023-12-27,52637,8,100,D,0,2,2025,4251599.0,2026-03-05
SEG_00038,417,Hamilton,41.7,6,Composite,2.1,2025-12-07,158036,3,80,D,3,1,2025,27067951.0,2026-07-13
SEG_00402,417,Niagara,4.2,8,Gravel,4.3,2023-03-18,82967,39,60,C,0,1,2029,21642329.0,2026-05-07
SEG_00261,69,Southwestern,31.8,5,Composite,6.3,2026-07-22,58576,46,80,D,1,8,2029,41647852.0,2026-06-13
SEG_00258,QEW,Southwestern,19.4,8,Concrete,7.0,2023-02-12,131250,5,110,C,0,5,2028,43234951.0,2026-04-15
SEG_00136,QEW,Hamilton,41.7,8,Composite,9.8,2024-10-04,19412,14,50,C,4,4,2027,24519382.0,2026-04-14
SEG_00343,403,Central,16.8,3,Composite,8.5,2024-01-18,177925,33,80,D,2,7,2021,7517063.0,2026-04-07
SEG_00135,404,Central,12.0,8,Composite,1.8,2024-05-03,127350,43,100,A,5,5,2018,33463055.0,2026-02-16
SEG_00158,417,Eastern,17.9,3,Asphalt,3.3,2025-10-05,17246,43,60,B,5,4,2021,4195447.0,2026-07-28
SEG_00275,400,GTA,5.9,3,Asphalt,4.3,2023-06-06,7362,27,80,C,2,8,2017,6016524.0,2026-06-06
SEG_00033,QEW,Northern,2.2,6,Concrete,9.8,2026-07-16,177314,22,100,D,0,2,2024,47457838.0,2026-04-03
SEG_00030,404,Durham,30.6,8,Gravel,2.7,2025-06-25,191444,32,40,B,3,4,2022,41415613.0,2026-02-21
SEG_00188,QEW,GTA,16.6,6,Asphalt,3.9,2025-08-08,150845,10,50,A,5,9,2022,44767954.0,2026-07-27
SEG_00374,403,Waterloo,1.6,2,Gravel,8.2,2023-06-07,10824,42,40,D,5,4,2017,36601781.0,2026-04-05
SEG_00354,11,GTA,36.7,7,Concrete,8.6,2024-03-14,43171,2,50,B,3,8,2028,12356428.0,2026-01-29
SEG_00150,403,Ottawa,31.6,5,Composite,7.3,2024-07-04,182846,34,110,C,5,9,2025,13675713.0,2026-06-04
SEG_00262,400,Hamilton,5.6,3,Gravel,1.6,2025-02-04,13475,16,80,C,2,10,2018,434071.0,2026-06-27
SEG_00174,400,Waterloo,33.0,8,Concrete,1.1,2025-11-11,100496,3,80,C,1,7,2029,45074380.0,2026-06-11
SEG_00199,403,GTA,3.4,2,Asphalt,3.2,2025-05-18,142594,42,40,B,3,4,2027,14012662.0,2026-05-27
SEG_00437,401,Durham,25.0,3,Composite,9.3,2025-05-31,26157,45,110,B,4,4,2023,36504253.0,2026-03-02
SEG_00242,417,Niagara,27.4,8,Composite,9.1,2026-06-30,32268,5,50,A,2,10,2024,22892850.0,2026-04-05
SEG_00083,17,GTA,14.4,7,Gravel,7.6,2025-07-18,14523,14,50,C,1,6,2024,35878093.0,2026-03-13
SEG_00371,7,Hamilton,47.1,8,Composite,8.8,2026-03-05,186322,24,60,D,3,8,2021,19875095.0,2026-04-18
SEG_00410,407,Ottawa,41.0,4,Asphalt,9.5,2024-06-15,114394,28,80,C,1,5,2021,26274044.0,2026-06-09
SEG_00008,69,Northern,18.9,7,Gravel,9.3,2023-05-04,74527,13,80,C,1,0,2029,19995171.0,2026-03-09
SEG_00318,QEW,Durham,33.7,5,Concrete,9.4,2025-09-08,71466,40,60,C,5,3,2027,12522047.0,2026-01-31
SEG_00259,403,Southwestern,45.2,3,Gravel,7.8,2025-12-22,173291,3,110,C,2,2,2028,36489937.0,2026-01-23
SEG_00129,404,Eastern,30.3,3,Gravel,4.4,2026-06-04,10054,25,40,D,4,7,2019,16385213.0,2026-02-07
SEG_00433,QEW,Eastern,40.7,8,Asphalt,1.4,2026-06-17,97324,22,40,C,0,9,2018,10992319.0,2026-07-14
SEG_00055,7,Northern,1.1,2,Concrete,9.3,2026-07-26,7196,21,60,D,2,4,2019,9076588.0,2026-06-02
SEG_00180,QEW,Central,22.2,7,Gravel,5.3,2024-11-03,149752,24,60,C,5,0,2017,46086938.0,2026-03-27
SEG_00397,404,Durham,42.1,5,Concrete,5.3,2025-03-05,57110,29,100,D,2,8,2029,10248246.0,2026-04-01
SEG_00083,QEW,Waterloo,14.9,6,Composite,8.2,2023-03-01,160800,1,100,B,3,2,2030,18454790.0,2026-02-20
SEG_00412,407,Central,12.8,5,Concrete,5.0,2026-06-26,189894,36,60,B,1,10,2029,47422895.0,2026-02-13
SEG_00201,401,Waterloo,13.8,5,Composite,9.2,2023-07-16,78415,24,50,D,0,7,2022,42327977.0,2026-04-05
SEG_00013,417,Ottawa,49.0,3,Asphalt,8.4,2026-04-18,15846,34,100,B,2,2,2029,41357646.0,2026-04-29
SEG_00493,7,Ottawa,5.9,3,Composite,1.6,2024-01-14,58352,34,110,B,4,1,2015,26035975.0,2026-03-11
SEG_00205,401,Waterloo,31.5,6,Asphalt,4.0,2026-07-10,16664,22,50,D,3,4,2020,22196191.0,2026-05-06
SEG_00141,17,Northern,4.2,8,Gravel,6.8,2023-11-10,152565,37,60,D,1,1,2027,2632016.0,2026-05-12
SEG_00032,403,Ottawa,5.7,7,Asphalt,3.0,2024-08-11,195552,32,50,B,5,6,2021,2466065.0,2026-06-25
SEG_00051,11,Niagara,12.9,8,Gravel,6.5,2024-03-25,158400,19,50,D,3,5,2027,10221358.0,2026-05-04
SEG_00174,407,GTA,22.2,3,Gravel,4.8,2024-06-08,98439,19,60,D,2,1,2024,21559649.0,2026-02-06
SEG_00309,7,Durham,19.9,6,Gravel,7.2,2024-05-21,53921,46,60,C,5,10,2018,9159649.0,2026-05-08
SEG_00233,11,Ottawa,5.4,7,Concrete,5.0,2023-02-10,141866,43,80,C,5,0,2020,36131078.0,2026-03-27
SEG_00292,QEW,Hamilton,42.2,5,Gravel,9.3,2025-12-24,85901,36,110,C,5,9,2024,4594565.0,2026-01-22
SEG_00136,69,Central,6.8,3,Asphalt,6.0,2024-08-24,51924,33,50,C,2,4,2019,4804401.0,2026-04-20
SEG_00144,407,Niagara,27.0,8,Composite,8.5,2023-12-25,102694,14,50,A,5,2,2027,17170289.0,2026-07-25
SEG_00266,410,Northern,17.3,7,Asphalt,2.4,2024-09-17,1942,6,40,A,3,1,2024,41519139.0,2026-05-10
SEG_00246,403,Waterloo,7.9,5,Composite,1.7,2026-05-15,62395,28,80,C,4,8,2027,15496648.0,2026-02-12
SEG_00125,401,Northern,37.7,6,Concrete,8.1,2025-07-02,91333,26,110,D,1,1,2027,46458280.0,2026-04-27
SEG_00302,401,Southwestern,3.1,3,Composite,5.5,2023-08-01,10807,45,60,D,3,10,2025,48337280.0,2026-04-04
SEG_00214,404,Ottawa,42.1,4,Asphalt,6.4,2024-04-16,36238,14,80,C,1,0,2029,32540123.0,2026-07-23
SEG_00078,407,GTA,31.6,4,Composite,4.6,2024-06-24,124287,30,50,A,0,7,2017,44631044.0,2026-03-28
SEG_00044,17,Durham,6.1,2,Composite,7.7,2026-01-12,159591,41,110,A,4,6,2019,36262147.0,2026-03-18
SEG_00121,401,Eastern,25.7,5,Concrete,9.9,2025-02-20,125103,29,40,C,5,0,2015,39553646.0,2026-02-09
